id,company,sentiment_score,title
2,Morrisons,0.43,Morrisons book second consecutive quarter of sales growth
3,IMI,-0.34400000000000003,IMI posts drop in first-quarter organic revenue; warns on full year
4,Glencore,0.34,"Glencore to refinance its short-term debt early, shares rise"
5,Ryanair,0.259,EasyJet attracts more passengers in June but still lags Ryanair
6,Barclays,-0.231,Barclays 'bad bank' chief to step down
7,BP,0.113,Bilfinger Industrial Services win Â£100m BP contract extension
8,Bilfinger Industrial Services,0.424,Bilfinger Industrial Services win Â£100m BP contract extension
9,Barclays,-0.373,Barclays share price subdued as bank faces fresh forex probe
10,Centrica PLC,0.111,Centrica prepared for takeover approach - chairman
11,Glencore,-0.231,Jim Armitage: Spare no tears as Glencore's bosses are paying such a small price
12,Barclays,-0.221,"Barclays, Deutsche Bank Fight to Lift Profit Just Got Harder"
13,Kingfisher,0.541,Kingfisher set to open another 200 Screwfix stores
14,Diageo,-0.545,Diageo sales disappoint as currency and comparatives leave bitter taste
15,Smith & Nephew,-0.522,Smith & Nephew recalls hip-replacement components
16,Tesco PLC,-0.775,Tesco is torn apart as watchdog finds supermarket repeatedly withheld payments from suppliers
17,Legal & General Group Plc,-0.271,Is Trouble Brewing At Legal & General Group Plc And Aviva plc?
18,Tesco PLC,0.09,Here's my 10-point plan to make Tesco great again
19,Schroders,0.052000000000000005,"Schroders posts FY profit beat, replaces CEO and chairman in board shake-up"
20,BP,0.18100000000000002,BP Seeks to Get Back Some Gulf Oil Spill Business Payouts
21,Standard Chartered PLC,0.0,"Can Standard Chartered PLC, BP plc & Burberry Group plc Keep Charging?"
22,BP,-0.9890000000000001,"UPDATE 1-BP reports worst annual loss in at least 20 years, cuts more jobs"
23,Friends Life,0.053,Insurers: Admiral blows hot and cold but Aviva soars pre-Friends Life merger
24,L&G,-0.33799999999999997,"L&G still paying price for dividend cut during crisis, chief says"
25,Admiral,0.314,Insurers: Admiral blows hot and cold but Aviva soars pre-Friends Life merger
26,Whitbread,0.139,"Whitbread eyes savings, price rises to offset wage rises"
27,Kingfisher,0.653,Britain's FTSE lifted by solid Kingfisher
28,Novo Nordisk,0.099,Novo Nordisk and AstraZeneca seek tonic from key drug trials
29,Mr Bricolage,-0.311,Kingfisher takeover of Mr Bricolage could hit a brick wall
30,BP,0.236,BP wins right to appeal some Gulf spill damages claims
31,Dixons Carphone,0.478,Dixons Carphone profit boost on strong sales
32,Sky,0.128,UK MORNING BRIEFING: Sky And Hargreaves Lansdown Bookend FTSE 100
33,Johnson Matthey,0.407,Johnson Matthey profit lifted by metals unit sale
34,Credit Suisse,-0.902,"Barclays, Credit Suisse strike record deals with SEC, NY over dark pools"
35,Shire,-0.17400000000000002,UPDATE 1-Shire takes Q2 earnings pain for long-term gain
36,Shire,0.43700000000000006,Drugmaker Shire to buy Baxalta for $32 billion after 6-month pursuit
37,Standard Chartered PLC,0.166,Standard Chartered considering move from UK
38,Kirin,0.24,Philippines' San Miguel says to partner with Kirin if it bids for SABMiller's ...
39,Shell,-0.019,US cancels Arctic offshore lease sale after Shell drops interest
40,Baxalta,0.203,Shire CEO steps up drive to get Baxalta board talking
41,BP,-0.2,UPDATE 1-Oil major BP freezes pay in 2015 to cut costs
42,Vale,-0.131,Brazil Vale says will appeal ruling to block assets for dam burst
43,BHP Billiton,-0.938,"BHP Billiton posts big loss, slashes dividend"
44,Glencore,-0.9129999999999999,Reaching New Depths: Glencore's $5bn Loss
4,EasyJet,0.778,UPDATE 2-EasyJet sees better first half on lower fuel bill
46,Royal Mail,0.476,Britain's FTSE advances as Royal Mail rises
47,Haris & Hoole,0.30000000000000004,CompaniesTesco sheds Harris & Hoole coffee shops
48,Standard Chartered PLC,0.509,News FeedFTSE 100 movers: Standard Chartered lifted while AstraZeneca sinks
49,Citigroup,0.37799999999999995,Fitch: Citi's 1Q'15 Reports Much Improved Results
50,Hammerson,0.659,Landlord Hammerson's NAV rises on increased leasing activity
51,Metro Bank,0.29600000000000004,CompaniesMetro Bank raises Â£400m ahead of London listing
52,Morrisons,0.14300000000000002,New Morrisons duo get former boss's support to diffuse investor tension
53,WPP,0.6679999999999999,WPP Q1 Revenue Rises Over 8% - Quick Facts
54,Barclays,0.309,Barclays raises 603 million pounds from African business share sale
55,AXA,-0.39799999999999996,REFILE-Aviva Investors to move 34 bln euros in assets from AXA fund arm
56,Royal Bank of Scotland Group plc,0.425,Dividends Unleashed At Royal Bank of Scotland Group plc
57,Standard Chartered PLC,0.128,"Irish Said Chasing Standard Chartered, RBS as Brexit Vote Nears"
58,BP,0.326,"EXCLUSIVE-BP, China's CNPC to unveil oil alliance - sources"
59,Royal Bank of Scotland Group plc,-0.941,RBS and Barclays shares temporarily suspended amid heavily losses
60,BP,-0.376,BP sees Q1 earnings slide as low oil prices take their toll
61,Johnson Matthey,0.22399999999999998,Johnson Matthey revs up on clean air drive
62,Tesco PLC,0.173,Tesco boss urges rethink on minimum wage and business rates
63,Tesco PLC,0.161,Is It Worth Investing In Tesco PLC And Prudential plc Now?
64,Royal Bank of Scotland Group plc,0.08900000000000001,RBS will reportedly appoint Howard Davies as its next chairman
65,Shell,-0.33799999999999997,UPDATE 1-Seattle flotilla protests Shell's Arctic drilling plans
66,Petrofac,-0.34299999999999997,Petrofac books further Â£30m cost for Shetland gas terminal delays
67,G4S,-0.32299999999999995,G4S suspends workers at UK youth centre over allegations of unnecessary force
68,BAE Systems,0.217,TalkTalk hires BAE Systems to investigate cyber attack
69,Lloyds Banking Group PLC,-0.311,Osborne extends Lloyds sell-off plan
70,Dairy Crest,-0.902,UPDATE 1-Dairy Crest loses a third of Morrisons milk contract
71,Dixons Carphone,0.364,CompaniesLord Livingston joins Dixons Carphone
72,Deloitte,0.26,Tesco names Deloitte as new auditor after accounting scandal
73,Barclays,-0.521,World's banks may halve jobs and branches within 10 years - Barclays ex-boss
74,Severn Trent,0.526,Severn Trent share price rises as first half profit inches up as customer ...
75,Clinigen,0.32799999999999996,Clinigen chosen by AstraZeneca to manage access programme for next ...
76,Valeant Pharmaceuticals International,-0.044000000000000004,Valeant's Pearson says timing of return uncertain
77,Aviva plc,-0.78,Aviva suspends trading in Â£1.8bn UK property fund
78,Horizonte,0.182,Horizonte acquires neighbouring Glencore nickel property in Brazil
79,Johnston Press,0.155,Indy future in doubt as Johnston Press lines up deal for 'i'
80,Desano,0.27699999999999997,Glaxo's ViiV Healthcare Signs China Manufacturing Deal With Desano
81,BHP Billiton,0.08199999999999999,"BHP Billiton half-year profit falls, beats forecasts"
82,Royal Dutch Shell,0.259,Royal Dutch Shell to Buy BG Group for Nearly $70 Billion
83,Barclays,-0.25,Barclays to speed up cost-cuts after new mis-selling hit
84,UBI,0.133,"CEOs of BPM, UBI meet Italy econ minister as M&A talk heats up"
85,HSBC,-0.594,HSBC Hit by Fresh Details of Tax Evasion Claims
86,BPI,-0.092,"CaixaBank, dos Santos Agree on Plan for BPI Angola Exposure"
87,BPI,0.221,"BPI Says Caixabank, Isabel dos Santos Reach Agreement Over Angola Exposure"
88,Wolseley,-0.08700000000000001,Wolseley says Nicholls won't join as finance chief
89,Royal Mail,-0.16399999999999998,UK lawmakers warn Royal Mail against further price hikes
90,Standard Chartered PLC,-0.39,StanChart and RBS struggle in Bank of England stress tests
91,Standard Chartered PLC,-0.155,StanChart may see white knight takeover on painful recovery - CLSA
92,AstraZeneca,-0.392,AstraZeneca suffers setback after drug fails to treat eye cancer
93,AstraZeneca,-0.6659999999999999,News FeedFTSE 100 movers: Standard Chartered lifted while AstraZeneca sinks
94,Kingfisher,0.368,Retail giant Kingfisher reports 'solid' start to the year
95,Unilever,-0.264,Unilever Continues to Battle Soft Demand
96,Frensillo Production,0.21,Fresnillo Production Surges But Profit Hit By Lower Prices
97,BG,0.05,Helge Lund moves to BG a month early
98,Kipa,-0.192,"Tesco set to sell Kipa, Giraffe businesses - Sky News"
99,Royal Bank of Scotland Group plc,-0.38299999999999995,"RBS warns of higher misconduct charges, obstacles ahead"
100,DBS,0.307,"DBS, Julius Baer emerge as potential bidders for Barclays Asia wealth unit ..."
101,Standard Life,-0.407,Standard Life slips as Greek worries peg back Britain's FTSE
102,Glencore,0.466,Glencore sells agri unit stake for $2.5 billion to Canadian pension fund
103,Royal Bank of Scotland Group plc,-0.28500000000000003,FCA bans former RBS Libor submitter
104,SABMiller,0.127,AB InBev's Latest Bid Said Unlikely to Win SABMiller's Approval
105,Standard Chartered PLC,-0.158,Standard Chartered Not Raising Capital Yet As Dividend Cut
106,Tesco PLC,0.23,"Tesco set to sell Kipa, Giraffe businesses - Sky News"
107,United Utilities,0.42,United Utilities FY profit up 3.5%; to boost capex
108,Tesco PLC,-0.518,Sale of Tesco's Clubcard business to WPP on the verge of collapse
109,RBS,-0.30000000000000004,UK's Osborne may sell state-owned RBS shares at a loss -paper
110,Tesco PLC,0.37799999999999995,Tesco Sale Is Asia's Biggest Private-Equity Deal
111,Wolseley,0.28700000000000003,Industry NewsWolseley confident in reslilience amid mixed markets
112,Nikkei,0.262,Japan's Nikkei lands Financial Times in $1.3 billion deal
113,Royal Mail,0.0,UPDATE: Peter Long To Be Chairman Of Both Royal Mail And TUI AG
114,BAT,0.461,UK regulators license BAT e-cigarette as quit-smoking medicine
115,Aviva plc,-0.782,"Aviva, M&G suspend property funds as investors panic"
116,British American Tobacco plc,-0.528,British American Tobacco drops and sues PwC over pollution scandal
117,Aberdeen Asset Management,-0.434,Aberdeen's shares slide as net outflows accelerate
118,Hikma,0.452,REFILE-Hikma and Barclays help Britain's FTSE to climb higher
119,Britvic,-0.13,"Kraft, Cadbury's and Britvic in Total Recall: how pulling a product affects profit"
120,Standard Chartered PLC,0.16699999999999998,Standard Chartered share price: Aberdeen CEO would back potential capital increase
121,Severn Trent,0.433,Severn Trent share price jumps as Canadian investor renews pursuit of utility
122,London Stock Exchange Group,-0.34700000000000003,France raises concerns over proposed LSE-Deutsche Boerse deal
123,Brunzl,-0.335,Bunzl blames weakness in United States for first-half revenue slowdown
124,Tesco PLC,-0.498,Tesco criticised for 'disgraceful' advert showing domestic worker being slapped
125,Barclays,0.0,Tushar Morzaria is bookies' favourite to be new Barclays chief executive
126,G4S,0.303,CompaniesG4S claims 'positive' start to the year
127,Halliburton,-0.042,"UPDATE 3-BP settles oil spill-related claims with Halliburton, Transocean"
128,BAE Systems,0.905,Shares in BAE Systems hit 10-month high on rating upgrade
129,Alior Bank,0.233,GE to Sell Majority Stake in Bank BPH's Core Bank to Alior Bank
130,Shell,0.0,Royal Dutch Shell plc: Shell Updates on Alaska Exploration
131,Diageo,-0.521,City spirits sink after Diageo comes up short with sales slide
132,Tesco PLC,0.35000000000000003,Tesco sales recover as focus returns to core business
133,London Stock Exchange Group,0.14400000000000002,London Stock Exchange unit in talks to operate Plato venue
134,IBM,0.34500000000000003,ARM Holdings plc Partners With International Business Machines Corp. To Drive ...
135,GSK,0.294,GSK joins China trade push as UK trumpets healthcare deals
136,Barclays,0.0,"Goldman Sachs, Barclays, HSBC downplay Brexit threat"
137,HSBC,0.0,HSBC marks muted 150th birthday party with grain of rice sculptures
138,Barclays,0.036000000000000004,Barclays appoints JPMorgan's Paul Compton as new COO
139,Standard Chartered PLC,0.9890000000000001,Standard Chartered Shares Jump Most Since '12 After Upgrades
140,Shell,-0.231,Italy Probes Shell's Role in Purchase of Nigerian Oil Block
141,Shropshire,-0.4,Shropshire and Mid Wales trains to be hit again in new strike by Arriva drivers
142,Aviva plc,0.138,Friends Life lifts profits 38% and hikes divi ahead of proposed Aviva takeover
143,Randgold Resources,-0.052000000000000005,Randgold profit hit by poor gold price but dividend still increases
144,AstraZeneca,0.365,AstraZeneca does US$770mln anaesthetic deal
145,AB InBev,-0.369,AB InBev's Latest Bid Said Unlikely to Win SABMiller's Approval
146,ITV,0.611,ITV share price jumps on report of Comcast's NBCUniversal bidding to takeover ...
147,Diageo,0.182,Diageo Sells Ryder Cup Venue Gleneagles Hotel to Ennismore Group
148,Pearson,-0.664,Pearson to cut 4000 jobs as it warns on profits
149,Takeda,-0.198,"FDA panel backs safety updates for AstraZeneca, Takeda drugs"
150,London Stock Exchange Group,0.105,LSE-Deutsche Boerse merger would signal end to exchange mega-deals
151,Intertek Group,-0.391,"Intertek Hit By Pound Strength, Oil & Gas Slowdown; Still Ups Dividend"
152,Tesco PLC,0.213,Tesco says recovery plan working after profit collapse
153,BP,0.208,Kinder Morgan and BP Form Joint Venture Limited Liability Company to Purchase ...
154,Shell,0.0,Shell and BG Shareholders to Vote on Deal at End of January
155,Starwood,0.145,"Intercontinental Hotels, Starwood held early deal talks - FT"
156,Berkshire Hathaway,0.48100000000000004,Warren Buffett's Berkshire Hathaway buys stake in Apple
157,Baxalta,0.34299999999999997,Sunday Papers: Shire told to raise its offer by Baxalta investors
158,Barratt,0.5579999999999999,"Britain's FTSE bounces back, Mondi and Barratt lead"
159,Glencore,-0.37,Glencore slashes 2015 capex budget as annual profits slip 2%
160,AB InBev,0.12300000000000001,Anheuser-Busch InBev Increases Offer for Rival SABMiller
161,Home Retail Group,0.0,Sainsbury CFO Rogers to Replace Home Retail CEO Walden
162,Barclays,0.212,"UPDATE 2-Exchanges, Barclays win dismissal of US high-frequency trading case"
163,Barclays,-0.34,MarketsUS industrials lag as Barclays dims view
164,RSA Insurance,0.376,Zurich Insurance Considering Offer for UK Rival RSA Insurance
165,Mylan,-0.86,US DOJ antitrust unit subpoenas Mylan over pricing of doxycycline
166,AstraZeneca,0.335,AstraZeneca sells US gout drug rights to Ironwood for up to $265 million
167,Shell,0.057,"Shell, Chevron Await LNG's Return From `Pause Mode'"
168,London Stock Exchange Group,-0.19899999999999998,Companies raise less money on London Stock Exchange in 2015
169,BG Group,0.0,Shell and BG Shareholders to Vote on Deal at End of January
170,Glencore,0.407,Glencore shares rally after miner hits back
171,ABN Amro,0.353,ABN Amro: Bank that brought down RBS poised for return to the market
172,AT&T,-0.447,Verizon and AT&T accused of hurting rivals
173,ARM Holdings plc,0.5489999999999999,ARM swings to profit in fourth quarter
174,Johnson Matthey,0.0,Johnson Matthey profit falls but dividend rises
175,Auto Trader,0.655,Auto Trader share price surges as company floats on LSE
176,Hillshire Farms,0.1,ConAgra Names Former Hillshire Farms CEO Connolly to Top Post
177,Hargreaves Lansdown,-0.46399999999999997,Hargreaves Landown slides on trading update
178,Asda,-0.226,"Sainsbury's, Asda, Tesco and Morrisons will all cut petrol prices as oil falls ..."
179,WPP,0.555,"WPP, World's Largest Ad Agency, Reports Strong 2015 Growth"
180,BG Group,0.5660000000000001,Shell Targets Gains From Brazil to LNG With Takeover of BG Group
181,Barclays,-0.84,Four former Barclays bankers jailed over Libor
182,Tesco,-0.623,Tesco Cut to Junk at Moody's on Concern Revival to Take Time
183,Glencore,0.193,LPC-Glencore launches refinancing of $8.45billion loan
184,Ashtead,0.514,"London open: Taylor Wimpey and Ashtead drive markets higher, Barclays falls"
185,EasyJet,0.147,Easyjet targets business travellers with new perks
186,BP,0.24,BP joins forces with Det Norske in Norway
187,Baxalta,0.26899999999999996,Shire proposes $30 bln all-share tie-up with Baxalta
188,Tesco PLC,0.256,Tesco sales rise shows tentative recovery continues
189,Valeant Pharmaceuticals International,0.0,Valeant Names Interim Leader as CEO Remains Hospitalized
190,AstraZeneca,0.28400000000000003,AstraZeneca weighing up Acerta bid to secure blood cancer drug
191,BP,-0.16,BP asks for lower fine in penalty phase of Gulf spill trial
192,Shire,0.48700000000000004,MarketsShire up 2.5% and Baxalta up 6% on $32bn deal
193,Berkshire Hathaway Inc.,0.156,"Warren Buffett's Awesome Feat at Berkshire Hathaway, Revisited"
194,Lloyds Banking Group PLC,0.292,Lloyds Banking Group's share price lifts amid reports bank is poised to axe hundreds of UK jobs
195,SSE,-0.173,SSE cuts gas prices by 4.1% to become fifth of 'Big Six' providers to slash energy ...
196,Rolls-Royce,0.099,Silicon Fen' champion brings exacting approach to Rolls-Royce
197,Tesco PLC,0.364,Tesco Said to Discuss Central and Eastern European Unit Sale
198,Glencore,0.19899999999999998,Glencore launches refinancing of credit line
199,Apple,0.023,Should You Follow Berkshire Hathaway Into Apple Stock?
200,Friends Life,0.516,UK WINNERS & LOSERS: Aviva And Friends Life Lead FTSE 100 Gainers
201,Shire,0.29100000000000004,FDA approves Shire's Vyvanse for binge-eating disorder
202,Entertainment One,0.138,Entertainment One dispels ITV takeover rumours
203,Tesco PLC,-0.077,"Despite sales growth, UK's Tesco cautions recovery to be bumpy"
204,BG,-0.5640000000000001,Oil Giant Shell to Cut Around 2800 Jobs Amid BG Takeover
205,BAE Systems,-0.069,BAE Systems banks on US defence spending to fix sales slide
206,National Grid,-0.33399999999999996,UK Christmas power demand to be lowest in 16 years â€“ National Grid
207,Compass Group,0.426,CompaniesCompass serves up half year profit rise
208,Hargreaves Lansdown,-0.15,UK MORNING BRIEFING: Sky And Hargreaves Lansdown Bookend FTSE 100
209,InterContinental Hotels Group,0.631,InterContinental Hotels Group share price climbs on $1.5bn special dividend
210,AstraZeneca,0.21,AstraZeneca in Talks to Buy Cancer Drug Developer Acerta Pharma
211,Amazon,0.34900000000000003,Amazon to attack UK grocery market with Morrisons deal
212,Tesco PLC,-0.265,Tesco made a bit of a crucial error in this promotion for Ramadan...
213,Weir Group,-0.5529999999999999,"Falling oil prices hurt Hunting, Weir Group"
214,Shire,0.195,Morning Agenda: Shire's Deal for NPS
215,AstraZeneca,0.5489999999999999,AstraZeneca wins FDA approval for key new lung cancer pill
216,Lloyds,-0.84,FCA set to fine Lloyds record Â£100m over PPI
217,Barclays,0.1,"Barclays's Next CEO Should Be Investment Banker, Aberdeen Says"
218,Barclays,-0.971,RBS and Barclays shares temporarily suspended amid heavily losses
219,Shire,0.235,Shire to buy NPS for $5.2 billion to boost rare disease drugs
220,Tesco PLC,-0.168,Tesco's boardroom clearout continues
221,BHP Billiton,-0.2,BHP Billiton says no settlement yet on Brazil dam disaster
222,ARM Holdings plc,0.35200000000000004,Arm buoyed by race to build the internet of things
223,AstraZeneca,-0.391,AstraZeneca diabetes drug combination faces delay after FDA rebuff
224,Morrisons,0.389,Amazon's grocery deal with Morrisons is only the beginning
225,BAE Systems,0.39,BAE Systems's sales boosted by European Typhoon and currencies
226,Aberdeen Asset Management,-0.612,CompaniesAberdeen Asset Mgt reports 10th consecutive quarterly outflows
227,JP Morgan,-0.1,Barclays CEO poaches risk head from JP Morgan
228,BP,0.48,BP signs $12 billion energy deal in Egypt
229,Baxalta,0.23,Shire says internal synergy goals from Baxalta deal higher
230,Essence Digital,0.299,WPP wins race for 'programmatic buying' agency Essence Digital
231,Baxalta,0.75,Drugmaker Shire to buy Baxalta for $32 billion after 6-month pursuit
232,AstraZeneca,-0.064,AstraZeneca investment eats into profit
233,Inovio,0.316,"AstraZeneca bags another cancer drug deal, this time with Inovio"
234,Centrica PLC,-0.429,CompaniesCentrica shares drop 7% amid capital raise
235,Rio Tinto,-0.665,Miners Meltdown as BHP to Rio Tinto Sink in Commodities Rout
236,Tullow Oil,0.402,UPDATE 1-Britain's Tullow says makes new oil find in Kenya
237,National Grid,0.27899999999999997,Britain's power supplies enough to meet winter demand - National Grid
238,Lloyds Banking Group PLC,0.434,Barclays PLC & Lloyds Banking Group PLC Are The 2 Banks I'd Buy Today
239,Berkshire Hathaway Inc.,0.18899999999999997,UPDATE 3-Buffett's Berkshire raises oil bet with Kinder Morgan stake
240,EasyJet,0.315,"UPDATE: EasyJet Passenger Numbers, Aer Lingus Traffic Up In February"
241,Barclays,0.231,PRESS: US High-Frequency Lawsuit Against Barclays Dismissed - Reuters
242,Shell,-0.1,Shell CEO van Beurden's remuneration fell in 2015
243,Aberdeen Asset Management,-0.364,"Aberdeen AM posts H1 outflows, says conditions to remain challenging"
244,Kraft Heinz,-0.179,"Kraft, Cadbury's and Britvic in Total Recall: how pulling a product affects profit"
245,Shell,-0.035,Shell seeks to remove Greenpeace activists from oil rig
246,BP,-0.121,"UPDATE 3-BP settles oil spill-related claims with Halliburton, Transocean"
247,Pearson,0.386,Pearson Forecasts Rising Earnings as Reorganization Pays Off
248,Morrisons,-0.113,Morrisons faces festive sales test
249,Friends Life,-0.09,Aviva shuts Friends Life head office in rapid integration move
250,Tesco,-0.32299999999999995,Tesco to pay Â£8m to settle class-action lawsuit after accounting scandal
251,Lehman,0.16399999999999998,UPDATE 3-Stifel to buy former Lehman brokerage from Barclays
252,Royal Mail,-0.109,CompaniesRoyal Mail stake sale delivers Â£750m for taxpayer
253,ICE,0.055999999999999994,NYSE owner ICE may gatecrash Deutsche Boerse-LSE merger
254,CaixaBank,0.185,Spain's Caixabank launches new takeover bid for Banco BPI
255,Aviva plc,-0.373,Former Aviva Investors analyst Mothahir Miah banned and fined Â£139000 by FCA ...
256,ARM Holdings plc,0.17800000000000002,ARM shrugs off smartphone slowdown as newer designs win share
257,Petrofac,-0.446,UPDATE 1-Petrofac posts net loss hurt by Shetland Islands project costs
258,Kingfisher,0.304,Do it for me' trend underpins UK sales growth at Kingfisher
259,RBS,0.2,RBS invites pitches for broker role ahead of privatisation - sources
260,Bunzl,0.247,Bunzl delivers small profit increase for 2014
261,AB InBev,-0.018000000000000002,AB InBev Holds Talks With Regulators About California Deals
262,Worldpay,-0.452,CompaniesMorrison evicted from FTSE 100 as Worldpay joins
263,Barclays,-0.196,Barclays denies deferred prosecution offer from SFO
264,Kingfisher,-0.377,LONDON MIDDAY BRIEFING: Kingfisher's French Expansion Hits The Rocks
265,Serco,0.122,"PRESS: Serco Set To Appoint Roy Gardner, Ex-Centrica, As Chairman - FT"
266,Tesco PLC,0.21100000000000002,Tesco chief excutive Dave Lewis sees 'encouraging signs' despite profits tumble
267,EasyJet,0.188,"EasyJet ""Sneakairs"": Airline is testing smart shoes to help customers explore destinations"
268,Coca-Cola FEMSA,0.293,The Coca-Cola Company and Coca-Cola FEMSA to Acquire AdeS Soy-Based Beverage Business From Unilever
269,SSE,-0.31,SSE faces profiteering accusations despite 5.3% cut in gas charges
270,Royal Bank of Scotland Group plc,0.643,CompaniesRBS pulls a surprise: a 27% jump in profits
271,Chevron,0.067,"Shell, Chevron Await LNG's Return From `Pause Mode'"
272,Barclays,0.28500000000000003,Barclays settles with US investors over Libor manipulation
273,Tesco PLC,0.19,"Tesco says recovery on track, asks investors to be patient"
274,Dunelm Group plc,0.14,"Should you buy Associated British Foods plc, Great Portland Estates plc and Dunelm Group plc following today's news?"
275,Royal Bank of Scotland Group plc,-0.6900000000000001,"UPDATE 1-Nomura, RBS must pay $806 mln in mortgage bond case-US judge"
276,National Grid,0.368,National Grid profit up 15%; gas sale on track
277,AstraZeneca,0.519,AstraZeneca chases Acerta to secure next cancer drug winner
278,Prudential,0.337,"Prudential capital ratio beats forecasts, confirms UK head"
279,Prudential Financial,0.0,CompaniesEx-City watchdog Turner joins Prudential board
280,Statoil,-0.444,"Militants fire rockets at Algerian BP/Statoil gas plant, no casualties"
281,Shell,0.235,BG Group Still Happy With Shell's $70 Billion Offer
282,AstraZeneca,0.499,CompaniesAstraZeneca wins nod for 'blockbuster' hopeful
283,Shell,-0.222,Shell to Lay Off Another 2200 Staff
284,Carnival Corporation,0.099,Carnival Corporation and China Merchants Group Sign Memo of Understanding ...
285,Diageo,0.0,CompaniesDiageo stays neutral on India boardroom turmoil
286,Tesco,0.2,Tesco to 'axe 10000 jobs' in 'simplification' drive to cut costs by 30 per cent
287,Barclays,0.077,Barclays poised to replace Sir Mike Rake as he heads for exit
288,Tesco,0.02,Tesco bans sugary drinks in â€œchildhood obesity driveâ€퀀
289,Tata Steel,0.14300000000000002,Tata Steel working with StanChart for UK unit sale - source
290,Sainsbury's,0.021,Sainsbury's share price: Grocer launches click-and-collect
291,AO World,-0.8150000000000001,AO World shares tumble on profit warning
292,Shell,0.14800000000000002,Shell Targets Gains From Brazil to LNG With Takeover of BG Group
293,Glencore,0.278,Glencore tells investors it is on track to reduce debt: Barclays
294,Whitbread,-0.1,Whitbread boss Andy Harrison defends sales fall as 'just a blip'
295,Severn Trent,0.214,Borealis Infrastructure putting together new Severn Trent bid
296,Perrigo,0.326,AstraZeneca sells US drug rights to Perrigo for $380 mln
297,Aggreko,-0.441,Aggreko 2015 Profit Declines - Quick Facts
298,Pearson,-0.37200000000000005,Pearson lags as UK's FTSE slips off record high
299,RBS,0.12,RBS hands Â£3.3m of shares to top staff
300,Glencore,0.423,Glencore sells agriculture stake for $2.5bn
301,Barclays,-0.075,Barclays says has spent $150 million on US 'living will'
302,Royal Bank of Scotland Group plc,-0.457,RBS share price: Group plans to slash 600 jobs
303,Lafarge Holcim,0.365,TRLPC - CRH backs Lafarge Holcim asset buy with 6.5 bln euro bridge loan
304,Barclays,0.35000000000000003,"Eurozone bank lending continues to recover, slowly, Barclays says"
305,Royal Bank of Scotland Group plc,-0.05,RBS breaks with past by tearing investment bank apart
306,Aberdeen Asset Management,0.35700000000000004,Aberdeen Asset Management Gains Foothold In China
307,BP,-0.637,BP to pay investors $175m over Gulf spill claims
308,Persimmon,0.253,Persimmon sees post-election pick-up
309,Sainsbury's,-0.35100000000000003,Fewer multi-buys hurt Sainsbury's market share
310,SABMiller,0.43700000000000006,Australia clears AB Inbev's $100 billion SABMiller buyout plan
311,Tailor Wimpey,0.508,"London open: Taylor Wimpey and Ashtead drive markets higher, Barclays falls"
312,AstraZeneca,-0.405,AstraZeneca profit down as sales of stalwarts fade
313,Tesco PLC,0.439,Tesco Mobile Partners with Unlockd to Change the Way Consumers Use and Pay for Their Mobile Phones
314,Associated British Foods,0.366,Associated British Foods helps FTSE to rebound
315,Shell,0.0,Why Shell Cut Ties to Conservative Lobby Group Over Climate Change
316,Thermo Scientific,0.28600000000000003,Johnson Matthey sells research chemicals unit to Thermo Scientific
317,Tesco,0.546,Tesco rebounds as buyers sense a bargain
318,Valeant Pharmaceuticals International,0.001,"Valeant CEO Returns From Leave, Company Withdraws Guidance"
319,AstraZeneca,0.64,AstraZeneca shares climb 3% as drug maker ups profits forecasts
320,EasyJet,-0.238,"FastJet slams EasyJet founder Stelios for going public, is ""taking legal advice"" over letter about contractual ..."
321,Tesco PLC,-0.27899999999999997,"Failure of leadership' behind Tesco troubles, says former CEO Leahy"
322,British American Tobacco plc,-0.11599999999999999,British American Tobacco says would fight UK 'plain packaging' law
323,JV Partner,0.42700000000000005,"Hammerson, JV Partner secure ownership of Ireland's Dundrum - Quick Facts"
324,SABMiller,0.32899999999999996,Asahi could be about to snap up more of SABMiller's beers ahead of AB InBev sale
325,ASOS plc,0.0,"Are ARM Holdings plc, Domino's Pizza Group plc and ASOS plc 3 must-have growth stocks?"
326,Persimmon,0.359,Persimmon reports strong trading despite EU vote and planning delays
327,ICE,0.096,NYSE owner ICE considers offer for LSE
328,AstraZeneca,-0.085,CompaniesSanofi poaches immunology expert from AstraZeneca
329,Mylan,0.0,Mylan Appoints Ranjan Ray Chaudhuri as Global Commercial Lead for Mylan's Over ...
330,BP,-0.293,BP ends 27-year sponsorship of Tate as falling oil price takes toll
331,Shell,-0.38,Royal Dutch Shell pulls plug on Arctic exploration
332,Glencore,0.258,Horizonte acquires neighbouring Glencore nickel property in Brazil
333,Standard Chartered PLC,0.321,"Standard Chartered, RBS Escape Capital Raising in Stress Test"
334,AstraZeneca,0.507,FDA approves AstraZeneca drug for advanced lung cancer
335,Barclays,0.105,Barclays poaches new chief operating officer Paul Compton from JP Morgan Chase
336,Severn Trent,0.177,"Water utility Severn Trent ups savings forecast, FY profit falls"
337,Reed Elsevier,-0.369,Reed Elsevier shares cool after profit dip
338,BAE Systems,0.07400000000000001,BAE Systems lines up oil exec Woodburn as next CEO -source
339,Diageo,0.0,Diageo share price: Group issues half-year update
340,Diageo,0.0,CompaniesDiageo moves CFO to lead North American business
341,Lloyds,-0.2,"RBS, Lloyds Most Exposed to Commercial Property, JPMorgan Says"
342,Legal & General Group Plc,-0.166,Legal & General share price: Finance chief to step down
343,London Stock Exchange Group,0.076,CompaniesLSE adds ex-SEC head Schapiro to board
344,SABMiller,0.353,"European shares fall on Chinese import data, SABMiller soars"
345,Schroders,0.5,"News FeedSchroders books solid earnings growth, several board changes"
346,Valeant Pharmaceuticals International,0.238,"Valeant, AstraZeneca strike psoriasis drug deal"
347,Barclays,0.252,Barclays considers acquisition to help split off retail arm
348,Barclays,-0.732,CFTC fines Barclays $560000 for inaccurate swaps position reports
349,Deutsche Boerse,0.146,Merged LSE and Deutsche BÃ¶rse would be led by Germany's Kengeter
350,Tesco PLC,0.426,Tesco turnaround gathers pace under new CEO
351,Tesco PLC,-0.39799999999999996,"Tesco, Asda sales fall as march of the discounters continues: Kantar"
352,Glencore,0.253,"METALS-Zinc soars 10 pct, fuelling metals surge after Glencore cuts output"
353,BP,-0.268,BP cuts capex for third time this year to deal with weak oil
354,AstraZeneca,0.395,Aspen to Buy Anaesthetics From AstraZeneca for $520 Million
355,Sainsbury's,-0.397,Sainsbury chief warns of squeeze on high street retailers
356,Shell,-0.314,US sanctions put Gazprom-Shell alliance plans in jeopardy
357,Shell,-0.407,UPDATE 6-Royal Dutch Shell pulls plug on Arctic exploration
358,AB InBev,0.004,AB InBev to Sell SABMiller Stake in China's Snow Beer
359,Persimmon,0.975,Persimmon share price climbs on 23% rise in full-year revenue
360,Royal Mail,0.053,Royal Mail hands chief executive Moya Greene a 13% rise in her pay package
361,Travis Perkins,0.53,Travis Perkins to create 4000 jobs
362,London Stock Exchange Group,-0.415,LSE-Deutsche BÃ¶rse dealmakers wrong to ignore Brexit risk
363,Lloyds Banking Group PLC,-0.317,Britain cuts Lloyds Banking Group stake to below 17 pct
364,HSBC,0.5429999999999999,LONDON MORNING BRIEFING: HSBC And Standard Chartered Shares Rise
365,BP,-0.741,BP Reports $583 Million Loss in First Quarter
366,William Hill,-0.637,"Britain's FTSE led lower by ITV, William Hill"
367,JP Morgan,0.0,Barclays set to name former JPMorgan banker Staley as new CEO
368,BHS,0.157,Friday Papers: Sir Philip Green sells BHS for Â£1
369,Berkshire,0.25,"Warren Buffett's Berkshire adds to favorites IBM, Wells Fargo"
370,CaixaBank,0.375,Spain's CaixaBank Expects To Close Deal For Banco BPI
371,Kraft Heinz,0.214,How Kraft-Heinz Merger Came Together in Speedy 10 Weeks
372,Persimmon,0.384,Persimmon revenues lifted 12% by post-election confidence
373,Aviva plc,0.163,REFILE-Aviva Investors to move 34 bln euros in assets from AXA fund arm
374,BP,-0.355,US urges final approval of $20 billion BP oil spill pact
375,Gleneagles Hotel,0.237,Diageo Sells Ryder Cup Venue Gleneagles Hotel to Ennismore Group
376,GSK,0.2,UPDATE 1-GSK-linked investigator freed early from China jail - source
377,Tesco PLC,-0.612,"FTSE hits three-week low as financials, Tesco fall"
378,Deutsche Boerse,-0.473,LSE-Deutsche BÃ¶rse dealmakers wrong to ignore Brexit risk
379,Weir Group,0.09,Weir Group offloads two renewables units
380,Aggreko,-0.546,Aggreko says first half profits will be lower as the oil price rout claims its latest victim
381,Weir Group,-0.627,"Industry NewsRevenue, earnings take a tumble at Weir Group"
382,Ashtead,0.461,"News FeedFTSE 100 movers: Ashtead jumps on strong interims; Glencore, BP in ..."
383,EasyJet,-0.6000000000000001,"Sharm el-Sheikh travel disruption: British Airways, EasyJet, Thomson and ..."
384,London Stock Exchange Group,-0.359,London stock exchange shareholders vote on merger deal under Brexit cloud
385,AstraZeneca,0.289,"UPDATE: AstraZeneca's Selumetinib Gets Orphan Drug Label, Good AZD9291 ..."
386,Intercontinental Exchange,-0.127,Intercontinental Exchange Opts Not to Bid for London Stock Exchange
387,Tesco,-0.15,Dave Lewis paid Â£4.1m for first 6 months at Tesco
388,Weir Group,0.32299999999999995,Weir Group says first-half profits will be 'slightly ahead' of expectations
389,Glencore,0.259,Glencore Sells $2.5 Billion Stake in Agriculture Unit
390,AstraZeneca,0.075,AstraZeneca : FDA Panel Reviews Savor Study Results For Onglyza ...
391,Hargreaves Lansdown,0.5710000000000001,Hargreaves Lansdown bucks weak markets to see assets rise 2.6 percent
392,Tesco PLC,-0.6910000000000001,"Britain's FTSE hits three-week low as financials, Tesco fall"
393,Royal Bank of Scotland Group plc,0.833,Trading ExpertBROKER RECOMMENDATIONSUBS ups RBS to 'buy' as it re-initiates coverage on UK banks
394,3G Capital,0.247,"3G Capital, Warren Buffett's Favorite Partner in Deals Worth Billions"
395,Shell,-0.34500000000000003,Shell's $70 Billion BG Deal Meets Shareholder Skepticism
396,GKN,0.276,GKN to buy Fokker Technologies for 706 mln euros
397,Mondi,0.789,Questor share tip: Mondi shares jump 10pc on strong start
398,Berkshire Hathaway Inc.,-0.28800000000000003,"Berkshire discloses unit's ties to Iran, opens probe"
399,Rio Tinto,-0.511,"Rio Tinto swings to loss, drops dividend policy"
400,Rio Tinto,0.309,Rio Tinto Reaffirms Goal for Iron Ore Output
401,EasyJet,-0.804,Shares in easyJet fall to three-year low after Brexit profit warning
402,Shire,0.4,Shire share price: Group releases full-year results
403,AstraZeneca,0.21899999999999997,AstraZeneca share price: Company to carve out antibiotic R&D unit into separate ...
404,Barclays,-0.426,Ex-Barclays Trader Johnson Pleaded Guilty to Libor Fixing
405,Meantime,0.415,SABMiller buys Meantime to quench thirst for craft beer
406,Standard Chartered,-0.78,Standard Chartered to slash costs as profits plunge 25%
407,Berkshire Hathaway Inc.,0.6679999999999999,Buffett's Berkshire delivers 9.8% profit growth
408,Rio Tinto,0.114,"Rio Tinto CEO Sam Walsh rejects fears over China growth, demand"
409,Showa Shell Sekiyu,-0.036000000000000004,CompaniesShell sells stake in Showa Shell Sekiyu for $1.4bn
410,RELX Group,0.0,Reed Elsevier to rename itself RELX Group
411,Sotheby's,-0.06,Sotheby's chairman takes his final sale
412,Insight,0.13699999999999998,Insight hires Aviva's David Hillier for multi-asset team
413,BG Group,0.39299999999999996,Shell offers 50 percent premium to buy BG for $70 billion
414,Novartis,0.217,Novartis buys remaining rights to GSK treatment in deal up to $1 billion
415,AB InBev,0.256,AB InBev to sell Peroni and Grolsch
416,Unilever,-0.373,Unilever posts weaker-than-expected fourth quarter
417,Morrisons,-0.161,UPDATE 1-Dairy Crest loses a third of Morrisons milk contract
418,Emirates,0.7240000000000001,Rolls-Royce Wins $9.2 Billion Order From Emirates Airline
419,ITV,0.003,Entertainment One dispels ITV takeover rumours
420,London Stock Exchange Group,0.396,NYSE owner ICE considers offer for LSE
421,GSK,0.276,Novartis buys remaining rights to GSK treatment in deal up to $1 billion
422,BP,0.262,"EU drops Shell, BP, Statoil from ethanol benchmark investigation"
423,HSBC,-0.5,"HSBC Preparing Job Cuts That May Target 20000 Workers, Sky Says"
424,Transocean,-0.38799999999999996,"UPDATE 3-BP settles oil spill-related claims with Halliburton, Transocean"
425,Centrica PLC,0.195,"PRESS: Serco Set To Appoint Roy Gardner, Ex-Centrica, As Chairman - FT"
426,RBS,0.1,RBS bosses ordered to go out and meet small firms
427,AB InBev,0.207,AB InBev offers to sell some SABMiller brands
428,Tesco PLC,0.155,RPT-UK supermarkets braced for battle as Tesco comes out fighting
429,Glencore,0.166,"UPDATE 1-Glencore flags sale of some Australia, Chile assets"
430,Barclays,0.1,Barclays says not been offered deferred prosecution deal by SFO
431,Aviva plc,0.281,Aviva promises higher dividends to boost flagging share price
432,AB InBev,0.278,Brewer AB InBev seeks $275 bln tie-up with SABMiller
433,London Stock Exchange Group,-0.303,Intercontinental Exchange Opts Not to Bid for London Stock Exchange
434,Glencore,-0.26,"Glencore Cuts 2015 Budget, Plans To Divest From Lonmin"
435,HSBC,-0.7559999999999999,HSBC Posts Surprise Fourth-Quarter Pretax Loss of $858 Million
436,Schroders,0.942,Earnings surge as fund manager Schroders reports a record year
437,London Stock Exchange,-0.35200000000000004,Eurocrat left best-placed to unravel London Stock Exchange deal
438,AB InBev,-0.033,Lawmakers worry AB InBev beer deal will hurt craft brewers
439,Standard Life,0.8150000000000001,StanLife leads FTSE after strong earnings
440,Lloyds Banking Group PLC,0.365,Lloyds Banking Group eyes return to dealmaking with MBNA bid
441,SABMiller,0.24,Anheuser-Busch InBev Increases Offer for Rival SABMiller
442,Lloyds Banking Group PLC,-0.532,"UK government sells more Lloyds shares, cuts stake to below 12 percent"
443,Kinder Morgan,0.225,Kinder Morgan and BP Form Joint Venture Limited Liability Company to Purchase ...
444,Tesco,-0.25,Tesco says UK store closures put 2000 jobs at risk
445,Tesco,0.213,Tesco Versus Sainsbury: Weight-Watcher vs. Bodybuilder
446,Coca-Cola,0.08900000000000001,"Buffett talks wind energy, Coca-Cola at Berkshire meeting"
447,TSB,-0.083,TSB boss: Current account switching must be simpler
448,Barclays,-0.253,Barclays CEO Staley Says Brexit Slump Caused by Profit Fears
449,Kingfisher,0.467,Retailers Kingfisher and Sports Direct rise in Britain's share index
450,Berkshire Hathaway Inc.,-0.161,Berkshire Shareholders Pepper Warren Buffett With Some Hard Questions
451,Royal Dutch Shell,0.28400000000000003,"GLOBAL MARKETS-Stocks gain on Royal Dutch Shell bid, oil slumps"
452,EasyJet,-0.013,EasyJet Dismisses Lufthansa Low-Cost Plan in Contest for Germany
453,AstraZeneca,0.48100000000000004,AstraZeneca says new lung cancer pill Tagrisso approved by EU
454,Barclays,-0.743,Two former Barclays traders face retrial over Libor
455,BP,0.066,MarketsBP promotes upstream boss to deputy CEO
456,Glencore,-0.5650000000000001,"Glencore swings to loss, will sell more assets"
457,Shell,0.25,Shell to buy BG Group in $69.7 billion takeover
458,Clydesdale Bank,-0.7070000000000001,Clydesdale Bank hit with record PPI fine for 'unacceptable' staff lies
459,Standard Chartered PLC,0.763,UK's FTSE climbs to record closing high as Standard Chartered surges
460,BP,0.018000000000000002,US judge rules that BP spill smaller than feared
461,Royal Mail,0.0,Royal Mail Revenue Flat As Letters Weakness Offsets Parcels Strength
462,MillerCoors,0.053,"AB InBev launches SAB bid, to sell MillerCoors stake"
463,ARM Holdings plc,0.5710000000000001,ARM Royalties Accelerate as Smartphone Market Regains Strength
464,Shell,-0.6930000000000001,Shell fined by Scottish court for 2011 North Sea oil spill
465,Glencore,-0.301,Glencore chief blames rivals' overproduction for share price fall
466,Valeant Pharmaceuticals International,0.166,"Ackman, in email, says supports Valeant CEO Pearson"
467,GlaxoSmithKline,-0.12,GlaxoSmithKline's CEO Witty to bow out in March 2017
468,Standard Life,-0.706,Standard Life shuts Â£2.9bn property fund after investors rush to withdraw money post-Brexit
469,Shire,0.124,Shire CEO steps up drive to get Baxalta board talking
470,BP,-0.4,FTSE slide halted by BP's Â£12bn US settlement - London Report
471,Sainsbury's,-0.012,Sainsbury's pressed to raise bid for Home Retail Group
472,NPS,0.364,"FDA approves NPS drug, in move validating Shire takeover deal"
473,Sanofi,0.066,Sanofi poaches AstraZeneca scientist as new research head
474,Sanofi,0.188,CompaniesSanofi poaches immunology expert from AstraZeneca
475,ITV,0.19899999999999998,ITV to pursue takeover of Canada's Entertainment One: Bloomberg
476,Royal Bank of Scotland Group plc,0.381,"Broker tips: RBS, Croda, Sage"
477,Royal Mail,-0.43799999999999994,"Royal Mail, Johnson Matthey lead FTSE lower"
478,Whitbread,-0.562,Industry NewsWhitbread sales sink in fourth quarter on Costa slowdown
479,Carlsberg,-0.46799999999999997,Diageo and Carlsberg hit as Russians suffer from oil price collapse and rouble ...
480,GlaxoSmithKline,-0.408,GlaxoSmithKline share price slips as FDA okays asthma therapy only for adults
481,Financial Times,-0.052000000000000005,Report: Financial Times up for sale
482,Glencore,0.124,Glencore raises $2.5bn through share placing to help cut debt load
483,Det Norske,0.248,BP joins forces with Det Norske in Norway
484,Rio Tinto,-0.387,No pay hikes this year at Rio Tinto as mining slump bites
485,Citigroup,-0.647,"Nine banks including Barclays, Citi, agree to pay $2 billion to settle forex ..."
486,Apple,0.9890000000000001,Warren Buffett's Berkshire Hathaway buys stake in Apple
487,Croda,0.391,"Broker tips: RBS, Croda, Sage"
488,Deutsche Boerse,0.29,London Stock Exchange seals Â£22 billion merger with Germany's Deutsche BÃ¶rse
489,Diageo,0.361,FTSE steadies around 2-month low Diageo shares surge
490,Lonmin,-0.314,"Glencore Cuts 2015 Budget, Plans To Divest From Lonmin"
491,London Stock Exchange Group,0.406,London Stock Exchange Shareholders Approve Merger With Deutsche BÃ¶rse
492,HSBC,0.028999999999999998,"We'd support HSBC leaving London, says Standard Life"
493,ICE,0.226,News FeedFTSE 100 movers: LSE surges as ICE says mulling offer; Ashtead and Barclays tank
494,Tesco PLC,0.084,CompaniesTesco bumps up pay for store staff
495,BP,-0.179,BP pay boss feels the heat from revolt over Dudley's Â£14 million
496,Barclays,0.149,UPDATE 3-Stifel to buy former Lehman brokerage from Barclays
497,BG Group,-0.451,Shell Plans to Shed 2800 Jobs After Buying BG Group
498,Old Mutual,0.16399999999999998,"Old Mutual to split up, may list some businesses"
499,RBS,-0.2,"RBS, Lloyds Most Exposed to Commercial Property, JPMorgan Says"
500,Mr Bricolage,-0.253,CompaniesKingfisher bid for Mr Bricolage runs into trouble
501,EasyJet,0.09300000000000001,EasyJet to pass on lower fuel prices to customers
502,Tesco PLC,-0.267,Tesco loses two more directors as Garfield and Tammenoms step down
503,Royal Bank of Scotland Group plc,-0.295,The UK Government's Call To Sell Shares In Royal Bank Of Scotland Group plc ...
504,Prudential,-0.031,Credit Suisse poaches Prudential's Thiam for Asian push
505,John Wood Group PLC,0.103,"Should You Buy Jumbo Yielders British American Tobacco plc, Centrica PLC & John Wood Group PLC?"
506,Wolseley,-0.31,Britain's FTSE eyes 7th straight daily rise; Wolseley lags
507,GSK,0.379,EU regulator backs approval for GSK injectable asthma drug
508,Rolls-Royce,-0.075,Rolls-Royce to Ensure Compliance After Petrobras Bribery Report
509,London Stock Exchange Group,0.247,LSE gets Hong Kong regulatory nod to HK firms to become LSE members
510,Wells Fargo,0.42200000000000004,"Warren Buffett's Berkshire adds to favorites IBM, Wells Fargo"
511,Severn Trent,0.35700000000000004,Canadian Pension fund Borealis renews pursuit of Severn Trent : report
512,ITV,0.42,ITV merger reports boost Footsie stocks
513,Cadbury's,-0.158,"Kraft, Cadbury's and Britvic in Total Recall: how pulling a product affects profit"
514,Wolseley,0.47,Wolseley helps lift FTSE from losses
515,AstraZeneca,0.098,Novo Nordisk and AstraZeneca seek tonic from key drug trials
516,Saudi Aramco,-0.14200000000000002,"Saudi Aramco, Shell plan to break up Motiva, divide up assets"
517,Lloyds Banking Group PLC,-0.512,CommentOpening Quote: pay day moans; profits slump for Lloyds; Mars mission
518,AstraZeneca,0.242,AstraZeneca sells Caprelsa rights to Sanofi unit
519,Wood Group,0.436,Industry NewsWood Group wins multi-million dollar contract with BP
520,Royal Mail,0.208,Royal Mail and workers' union agree pay deal
521,Lloyds Banking Group PLC,0.369,Lloyds wins right to buy bonds back early to save 1 billion pounds
522,Admiral Group plc,0.669,"Britain's FTSE buoyed by Admiral, building sector gains"
523,Tesco PLC,-0.209,Tesco share price: Brand Guarantee comes under fire
524,M&G Investments,-0.44799999999999995,"FTSE led lower by M&S, GlaxoSmithKline"
525,Kingfisher,0.6779999999999999,FTSE edges up as investors cheer Kingfisher results
526,HSBC,-0.528,HSBC chief hit with tax-avoidance scandal
527,Lloyds Banking Group,-0.1,British government stake in Lloyds Banking Group fa
528,AstraZeneca,0.295,AstraZeneca's $727 million play to do away with chemotherapy
529,HSBC,0.154,HSBC appoints business leaders to board
530,Diageo,-0.483,Diageo and Carlsberg hit as Russians suffer from oil price collapse and rouble ...
531,Deere,0.316,"Buffett's Berkshire builds Deere stake, dumps Exxon"
532,BG Group,0.853,BUZZ-BG Group: outperforms sector after record output
533,Mylan,0.652,Teva First-Quarter Net Rises 11% Amid Mylan Takeover Battle
534,Citigroup,0.22399999999999998,"After Barclays and Bank of America, Citigroup has blockchain in sight"
535,G4S,0.327,"Industry NewsG4S makes 'positive' start to year, no new impairments"
536,Morrisons,0.376,Morrisons helps FTSE edge higher energy shares slip
537,Old Mutual,0.6659999999999999,Old Mutual share price: Wealth unit seen as blue-chip company
538,Unilever,0.38299999999999995,CompaniesUnilever sales lifted by ice cream in soft economy
539,InterContinental Hotels Group,-0.32899999999999996,InterContinental Hotels first-quarter global room revenue lags estimates
540,Bunzl,0.48700000000000004,"Bunzl backs 2015 view, buys more businesses"
541,Tesco PLC,-0.358,Bidders Abandon Auction Of Tesco Data Unit
542,Shell,0.276,"EU drops Shell, BP, Statoil from ethanol benchmark investigation"
543,Standard Life,0.426,Euro zone QE helps Standard Life first-quarter funds boost
544,Smith & Nephew,0.5650000000000001,Smith & Nephew 2015 trading profit beats expectations
545,AstraZeneca,-0.5680000000000001,Closely watched AstraZeneca cancer drug fails in mesothelioma
546,Glencore,-0.718,Glencore slumps 25 pct as debt fears grow
547,Petrobras,-0.247,Rolls-Royce to Ensure Compliance After Petrobras Bribery Report
548,SABMiller,0.19699999999999998,AB InBev offers SABMiller $3 billion breakup fee
549,Barclays,-0.24,Barclays Executive Harrison Denies Knowledge of Libor Fixing
550,Standard Life,-0.28200000000000003,Standard Life hit by 'unprecedented' number of calls on pension freedoms
551,AB InBev,0.23199999999999998,Renewed AB InBev Bid for SABMiller Ups Stake in Beer Battle
552,AB InBev,0.119,CompaniesAB InBev signals it won't go hostile for SABMiller
553,Meggitt,0.28200000000000003,Meggitt Acquires Cobham Advanced Composites Unit For USD200 Million
554,London Stock Exchange Group,0.01,LSE Group names former SEC head Schapiro non-executive director
555,IAG,0.24600000000000002,IAG closes in on Aer Lingus with increased offer
556,Gazprom,-0.353,US sanctions put Gazprom-Shell alliance plans in jeopardy
557,Movantik,0.369,AstraZeneca Teams With Daiichi Sankyo To Sell Movantik In US
558,AstraZeneca,-0.12,Analyst Views: Astrazeneca shares have seen recent volatility; what will 2015 ...
559,Barclays,0.267,"OCBC to Buy Barclay's Wealth Management Unit in Singapore, Hong Kong"
560,BP,-0.8300000000000001,BP agrees to $18.7B penalty for oil spill; the tricky science behind ...
561,Omnis Pharmaceuticals,0.295,AstraZeneca's MedImmune Inks Licensing Deal With Omnis Pharmaceuticals
562,London Stock Exchange Group,-0.2,NYSE owner ICE may gatecrash Deutsche Boerse-LSE merger
563,Morrisons,0.456,"Aldi and Lidl expansion plans speed ahead as Tesco, Sainsbury's, Morrisons ..."
564,Compass Group,0.634,Compass Group says positive for year ahead
565,Pearson,0.238,Pearson expects to return to growth this year
566,Rolls-Royce,0.777,Rolls-Royce Wins $9.2 Billion Order From Emirates Airline
567,Unilever,0.073,Unilever head's resignation sparks spinoff talk
568,AstraZeneca,0.447,AstraZeneca wins US approval for longer use of blood thinner
569,BAE Systems,-0.631,BAE Systems cuts earnings target for 2015 and 370 jobs
570,Debenhams,0.5730000000000001,Morrisons and Debenhams surprise City with Christmas bounce back
571,Whitbread,-0.122,Whitbread to hike prices to offset 'substantial' national living wage bill
572,Julius Baer,0.31,"DBS, Julius Baer emerge as potential bidders for Barclays Asia wealth unit ..."
573,Hastings Group,0.302,CompaniesCar insurer Hastings Group driving Â£180m IPO
574,GlaxoSmithKline,0.0,GlaxoSmithKline starts hunt for successor to CEO Witty
575,National Grid,0.727,National Grid's pretax profit rises 15 percent
576,Dixons Carphone,0.32899999999999996,"Britain's FTSE steadies, supported by Dixons Carphone"
577,CRH,0.163,CRH's concrete bid for Holcim Lafarge assets
578,Morrisons,-0.16899999999999998,UK's Morrisons in talks to sell convenience stores - source
579,HSBC,0.057999999999999996,"HSBC keeps headquarters in London, rejects move to Hong Kong"
580,Standard Life,-0.099,Shell share price: Standard Life announce position against BG acquisition
581,SABMiller,0.392,"EU regulators clear $100 billion-plus AB InBev, SABMiller deal"
582,Barclays,-0.15,Secretive Barclays deal involved Qatari clients
583,British American Tobacco plc,-0.34600000000000003,British American Tobacco first-half sales hurt by currency moves
584,BHP Billiton,-0.736,"European shares plunge, roiled by BHP and oil; hopes turn to ECB"
585,Tullow Oil,-0.48,Tullow Oil eyes lower earnings as output falls
586,Shell,-0.508,"U.K. Stocks Little Changed Near Record as Barclays, Shell Fall"
587,BG Group,0.252,BG Group ships first LNG From Queensland Curtis
588,Aberdeen Asset Management,-0.34500000000000003,Trading ExpertBROKER RECOMMENDATIONSAnalysts mostly negative on Aberdeen but some see value
589,Goldman Sachs,-0.311,"MarketsUBS, Goldman Sachs cut metals forecasts"
590,Kingfisher,-0.313,CompaniesKingfisher bid for Mr Bricolage runs into trouble
591,Lloyds Banking Group PLC,-0.24,CompaniesUK government lines up Â£2bn Lloyds retail share sale
592,ZS Pharma,0.46799999999999997,"UPDATE 1-AstraZeneca buys ZS Pharma for $2.7 billion, pips Actelion"
593,Auto Trader,0.6409999999999999,UPDATE 3-Auto Trader shares leap in UK's biggest private equity-backed listing
594,Standard Chartered PLC,-0.243,Standard Chartered Will Close Equity Sales and Research Business
595,National Grid,0.136,CompaniesNational Grid lines up sale of gas business
596,BHP Billiton,0.462,2 Turnaround Buys For 2016? BHP Billiton plc And Home Retail Group Plc
597,M&G Investments,-0.778,Prudential knocked after investors withdraw Â£3.9bn from M&G
598,Shell,-0.264,US walrus protections hit Shell's Arctic drilling plan
599,Severn Trent,0.119,Severn Trent Profit Offsets Interest Rate Swap Losses
600,Tullow Oil,-0.27399999999999997,CompaniesTullow says gas exports at key field disrupted
601,AstraZeneca,0.259,"AstraZeneca bags another cancer drug deal, this time with Inovio"
602,Asda,-0.35600000000000004,"Tesco, Asda sales fall as march of the discounters continues-Kantar"
603,Standard Life,0.026,"We'd support HSBC leaving London, says Standard Life"
604,Severn Trent,0.472,Severn Trent profit up as customer complaints fall
605,SABMiller,-0.5820000000000001,US dollar wipes out sales gains for SABMiller
606,AstraZeneca,0.205,"AstraZeneca digs into precision medicine with lung, heart deals"
607,Lloyds Banking Group,0.28700000000000003,Lloyds Banking Group to cut 640 jobs and close 23 branches
608,London Stock Exchange Group,0.726,London Stock Exchange Group's quarterly revenue rises 12 percent
609,Barclays,-0.713,News FeedFTSE 100 movers: LSE surges as ICE says mulling offer; Ashtead and Barclays tank
610,Dixons Carphone,0.5690000000000001,Dixons Carphone Profit Beats Forecast in First Year Since Merger
611,HSBC,0.037000000000000005,PRESS: HSBC Chairman Hints Bank May Retain UK Domicile - Tel
612,Associated British Foods,-0.466,"Associated British Foods Profit Hit by Strong Sterling, Tough Sugar Business"
613,Schroders,-0.555,Former Schroders trader sentenced to 2 years in prison
614,Novartis,0.264,GSK and Novartis complete deals to reshape both drugmakers
615,Barclays,0.0,Barclays Names Mike Bagguley as Chief Operating Officer of Investment Bank
616,BHP Billiton,-0.28500000000000003,BHP Billiton share price: Brazil to sue Samarco for Â£3.5bn
617,Associated British Foods,0.119,"Should you buy Associated British Foods plc, Great Portland Estates plc and Dunelm Group plc following today's news?"
618,Barclays,-0.7709999999999999,Barclays hit with record fine as six banks settle forex scandal
619,Barclays,-0.604,UK Serious Fraud Office Seeks Retrial of Two Former Barclays Libor Traders
2,Cuadrilla,-0.416,Cuadrilla files to delay application to frack in Lancashire
621,GlaxoSmithKline,0.578,GlaxoSmithKline hails progress with lung disease treatment
622,Morrisons,0.177,Morrisons escapes FTSE relegation
623,ITV,0.19699999999999998,ITV Acquires 'Poldark' Production Company Mammoth Screen
624,Jefferies,0.1,RPT-UPDATE 2-Former Jefferies trader Litvak's conviction overturned
625,Tesco,-0.552,Tesco Sales Deteriorate Ahead of Crucial Christmas Period
626,Barclays,-0.8959999999999999,"Barclays, Credit Suisse strike record deals with SEC, NY over dark pools"
627,TalkTalk,0.136,Tesco sells Blinkbox and broadband service to TalkTalk
628,Hammerson,0.381,"Hammerson, JV Partner secure ownership of Ireland's Dundrum - Quick Facts"
629,Wells Fargo,0.43200000000000005,UPDATE 1-Berkshire applies to boost Wells Fargo stake above 10 pct
630,Travis Perkins,0.769,Travis Perkins Hikes Dividend 20% As Profit And Revenue Rise
631,GSK,0.402,GSK reveals strong trial results for shingles drug
632,T-Mobile,-0.6980000000000001,Experian says receives class actions related to T-Mobile breach
633,Shell,-0.386,Shell shells out over Nigeria oil spill
634,Tesco,-0.311,Tesco to pay $12 million to settle US lawsuit
635,HSBC,0.513,"FTSE 100 moves lower, but HSBC outperforms"
636,Meggitt,-0.8540000000000001,Meggitt share price tumbles as profit falls in 'challenging year'
637,BG Group,0.267,BG Group Still Happy With Shell's $70 Billion Offer
638,SABMiller,-0.158,AB InBev attacks SABMiller bid rebuffal
639,Aberdeen Asset Management,0.337,Aberdeen to raise 100 mln stg to seed new funds
640,Tesco PLC,-0.41,Sales boost for new Morrisons chief David Potts as Tesco turnaround stalls
641,Kraft Heinz,0.413,The Latest: Buffett says cuts will pay off at Kraft Heinz
642,Glencore,0.408,Glencore Studies Possible IPO for Agricultural Trading Business
643,OCBC,0.257,"OCBC to Buy Barclay's Wealth Management Unit in Singapore, Hong Kong"
644,Royal Dutch Shell,-0.426,Gabon Considering Back Tax Penalties Against Royal Dutch Shell
645,Barclays,0.0,"Barclays picks ex-JPMorgan exec Staley as new CEO, to start Dec 1"
646,Aviva plc,0.107,Insight hires Aviva's David Hillier for multi-asset team
647,Morrisons,-0.35000000000000003,Struggling Morrisons pays out Â£3m to sacked boss Dalton Philips â€“ with more to ...
648,Royal Mail,-0.607,Government to sell off remaining 14% stake in Royal Mail
649,United Utilities,-0.41700000000000004,United Utilities' full-year underlying operating profit falls 9 percent
650,Tesco PLC,-0.326,Tesco to close remaining Homeplus stores in UK
651,Gen Re,-0.07200000000000001,CEO of Berkshire's Gen Re to retire; Jain's role grows
652,NPS,0.193,Morning Agenda: Shire's Deal for NPS
653,WPP,0.251,WPP boosts sales despite cautious clients
654,Glencore,0.62,"Britain's FTSE rises, led up by Glencore surge"
655,SABMiller,0.295,Brewer AB InBev seeks $275 bln tie-up with SABMiller
656,ITV,0.08,Tesco shareholders back ITV head for chairman
657,Kingfisher,-0.261,Kingfisher takeover of Mr Bricolage could hit a brick wall
658,Old Mutual,0.6890000000000001,Old Mutual First-Quarter Sales Up 18% Buoyed by Emerging Markets
659,Prudential,0.43,"UPDATE 2-Prudential will see strong first-half earnings, outgoing CEO says"
660,BG Group,0.30000000000000004,Shell challenges Exxon dominance with 47 billion-pound bid for BG
661,RSA Insurance,0.021,RSA Insurance Hires Towergate's Egan as Chief Financial Officer
662,GlaxoSmithKline,-0.22399999999999998,"GlaxoSmithKline heart drug flops in study, shingles vaccine on track"
663,London Stock Exchange Group,0.32799999999999996,ICE Said to Start Lining Up Financing for LSE Bidding War
664,Standard Chartered PLC,0.465,"FTSE rallies off three-month low, boosted by StanChart, Sainsbury"
665,Lloyds Banking Group PLC,0.177,Lloyds sells Irish loan portfolio for Â£827m
666,Lufthansa,-0.22699999999999998,EasyJet Dismisses Lufthansa Low-Cost Plan in Contest for Germany
667,SABMiller,0.236,Renewed AB InBev Bid for SABMiller Ups Stake in Beer Battle
668,BHP Billiton,-0.43,BHP's iron ore outlook holds little cheer for small miners
669,Shire,-0.18600000000000003,Shire share price under pressure after $32bn Baxalta deal
670,Pearson,0.119,PRESS: Pearson Set To Announce Sale Of Financial Times - Reuters
671,OneMain,0.28300000000000003,Citigroup to Sell OneMain to Springleaf for $4.25 Billion
672,BP,-0.514,"Five years after BP oil spill, some Gulf oystermen are losing hope"
673,Walmart,0.03,Walmart still selling Maryland T-shirts featuring the outline of Massachusetts
674,GlaxoSmithKline,0.35000000000000003,"GlaxoSmithKline beats profit forecasts despite Advair hit, lower margins"
675,Standard Chartered PLC,0.008,Market Report: Eight-day rally ends for FTSE 100 and Standard Chartered
676,Novartis,0.18899999999999997,GlaxoSmithKline set to complete $20 billion Novartis asset swap next week
677,Tesco PLC,-0.23,Tesco's Sales Pickup Isn't Enough
678,Royal Bank of Scotland Group plc,-0.33299999999999996,RBS chairman admits surprise at size of regulatory penalties
679,Persimmon,0.6890000000000001,Persimmon sells 17% more houses in 2014
680,Holcim Lafarge,0.28200000000000003,CRH's concrete bid for Holcim Lafarge assets
681,ITV,0.537,ITV strike: Broadcaster's revenue soars but staff walkout for a piece of the action
682,RBS,-0.433,McEwan will be nursing RBS through more struggles yet
683,ARM Holdings plc,0.49700000000000005,Arm profits and sales up as shift away from mobile gains pace
684,Teva,0.58,Teva First-Quarter Net Rises 11% Amid Mylan Takeover Battle
685,Land Securities,-0.138,Land Securities warns of rent rises
686,Glencore,0.363,Glencore shares hit 3-month high after refinancing key credit line
687,Royal Bank of Scotland Group plc,-0.8079999999999999,RBS becomes a shadow of its former self
688,Sainsbury's,0.35700000000000004,Sir Ken Morrison has taken a Â£6m stake in rival Sainsbury's
689,Barclays,0.261,Barclays Bonds Rise as Lender Cuts Dividends to Shore Up Capital
690,Pearson,0.446,UPDATE 1-Pearson expects to grow this year after solid end to 2014
691,AstraZeneca,0.583,AstraZeneca Acquires ZS Pharma in $2.7 Billion Deal
692,Friends Life,0.44299999999999995,Market Report: Aviva tops the market as traders approve of its choice of Friends
693,Admiral Group plc,0.7010000000000001,Admiral and Schroders lift FTSE with profits surge
694,Tesco PLC,0.295,Tesco closes in on new chairman with Dixons Carphone's John Allan in the frame
695,CRH,0.43200000000000005,UK's FTSE hits new record highs as CRH climbs
696,GlaxoSmithKline,0.292,GlaxoSmithKline set to complete $20 billion Novartis asset swap next week
697,Shell,-0.134,Shell share price: Standard Life announce position against BG acquisition
698,Bank BPH,0.213,GE to Sell Majority Stake in Bank BPH's Core Bank to Alior Bank
699,Tullow Oil,0.544,"U.K. Stocks Resume Gains to Rally to Record; CRH, Tullow Climb"
700,Barclays,-0.625,MarketsMoneysupermarket slides 11% on Barclays Brexit warning
701,BP,0.18,"Can Standard Chartered PLC, BP plc & Burberry Group plc Keep Charging?"
702,Sainsbury's,-0.158,Can Christmas Save Sainsbury's plc And Tesco plc?
703,HSBC,-0.434,HSBC Says Unit to Book $585 Million Charge on Settlement
704,Dixons Carphone,0.522,FTSE boosted by Dixons Carphone with Fed in focus
705,Standard Life,0.552,Standard Life impresses as fee-based products offset annuities slump
706,Home Retail Group,0.135,CompaniesHome Retail trims gains but is considered 'in play'
707,Intertek Group,0.046,Intertek Group announces strategic update outlining its plan
708,Valeant Pharmaceuticals International,-0.381,Valeant CEO Pledges to Heed Critics After `Painful' Experience
709,Hammerson,0.275,Industry NewsHammerson joint venture buys Dublin loan portfolio
710,Sanofi,0.233,AstraZeneca sells Caprelsa rights to Sanofi unit
711,BP,-0.32,Greenpeace Protest of BP Forces British Museum to Close
712,L&G,0.23199999999999998,"L&G fund arm, Nikko Asset Management sign bond fund distribution deal"
713,SABMiller,0.429,UPDATE 2-Pricey beers lift SABMiller's quarterly underlying sales
714,Standard Chartered PLC,-0.147,"Insight - Britain's bank tax jump threatens to push HSBC, StanChart to new home"
3,Royal Mail,-0.374,Royal Mail chairman Donald Brydon set to step down
716,AstraZeneca,0.242,Teva: FDA Approves Generic Version of AstraZeneca Heartburn Drug
717,Prudential,-0.293,Prudential shares halted in Hong Kong pending announcement
718,AB InBev,0.364,"CompaniesPound to boost ABF for now, but mixed impact ahead"
719,Statoil,0.294,"EU drops Shell, BP, Statoil from ethanol benchmark investigation"
720,Acerta,0.7759999999999999,AstraZeneca chases Acerta to secure next cancer drug winner
721,AstraZeneca,0.14300000000000002,"FDA panel backs safety updates for AstraZeneca, Takeda drugs"
722,Barclays,0.395,Barclays PLC & Lloyds Banking Group PLC Are The 2 Banks I'd Buy Today
723,BBCN Bancorp,0.493,BBCN Bancorp to buy Wilshire Bancorp in $1 bln deal
724,BP,-0.639,Payout from BP oil spill settlement tops $5 billion
725,Towergate,0.002,RSA Insurance Hires Towergate's Egan as Chief Financial Officer
726,Apple,0.46,"Berkshire Bought Apple Stake at $99.49 a Share, Filing Shows"
727,Glencore,0.8140000000000001,Sainsbury's and Glencore give FTSE a three-digit lift - London Report
728,BHP Billiton,-0.604,BHP Billiton drags FTSE lower after slashing dividend
729,Glencore,0.037000000000000005,Glencore sees Tripoli-based NOC as sole legal seller of Libyan oil
730,Unilever,0.28700000000000003,Unilever returns to Cuba in joint venture with state
731,Glencore,0.152,Deals Help Shrink Glencore's Mountain of Debt
732,Sainsbury's,0.456,"Aldi and Lidl expansion plans speed ahead as Tesco, Sainsbury's, Morrisons ..."
733,Lloyds,-0.537,British taxpayers' stake in Lloyds falls below 22 percent
734,Primark,-0.33799999999999997,Fears Primark growth is starting to falter
735,CRH,0.674,"U.K. Stocks Resume Gains to Rally to Record; CRH, Tullow Climb"
736,Facebook,0.25,Royal Bank of Scotland becomes Facebook customer
737,Aberdeen Asset Management,0.022000000000000002,MOVES-Ex-shadow minister McClymont joins Aberdeen Asset Management
738,Aviva plc,0.324,"Are Aviva plc, Direct Line Insurance Group PLC And Admiral Group plc Set To Soar?"
739,Morrisons,0.619,Morrisons and Debenhams surprise City with Christmas bounce back
740,Tesco PLC,0.402,"FTSE ends lower on weaker miners, Tesco outperforms"
741,JP Morgan Chase,-0.191,CompaniesCoutts raids JPMorgan Chase for new CEO
742,SABMiller,0.5770000000000001,Philippines' San Miguel says to partner with Kirin if it bids for SABMiller's ...
743,Tesco PLC,-0.542,Tesco share price down as grocer faces SFO investigation outcome
744,Sainsbury's,0.33399999999999996,"FTSE rallies off three-month low, boosted by StanChart, Sainsbury"
745,Domino's Pizza Group plc,0.063,"Are ARM Holdings plc, Domino's Pizza Group plc and ASOS plc 3 must-have growth stocks?"
746,Acerta,0.317,AstraZeneca share price: Acerta deal pays off with orphan drug status
747,Britvic,0.373,Cost savings help Robinsons maker Britvic to first-half profit
748,Tesco PLC,0.583,CompaniesTesco sends supermarket shares to top of FTSE
749,Diageo,0.13699999999999998,"Diageo, Heineken Exchange Emerging-Market Brewing Assets"
750,Shell,-0.4,Protesters gather in Seattle to block access to Shell oil rig
751,Aer Lingus,0.34600000000000003,Passengers rise at EasyJet and Aer Lingus
752,Intertek Group,0.66,Intertek profit up 16.1%; expects to meet forecast
753,Chevron,-0.401,"Oil majors like Royal Dutch Shell, Chevron, BP fail to find reserves to counter ..."
754,Tesco PLC,0.183,Tesco's boss knows which side his bread is buttered
755,Barclays,-0.34,UPDATE 3-Ex-Barclays director accused by US of illegal tips to plumber
756,GSK,0.09300000000000001,GSK hopes big clinical trial can breath new life into lung drug
757,TUI AG,0.0,UPDATE: Peter Long To Be Chairman Of Both Royal Mail And TUI AG
758,Standard Chartered PLC,-0.301,Standard Chartered CEO Peter Sands to Resign After Unrest at Bank
759,Travis Perkins,-0.08800000000000001,Industry NewsStrong results at Travis Perkins marred by plumbing impairment
760,Rio Tinto,0.30000000000000004,Mongolia and Rio Tinto agree $5bn Oyu Tolgoi mine expansion
761,AstraZeneca,0.551,AstraZeneca to Buy ZS Pharma for $2.7 Billion
762,Aviva plc,0.107,"Aviva plans to up pay-out ratio, says too soon to judge Brexit impact"
763,Royal Bank of Scotland Group plc,-0.28500000000000003,Reluctant shareholder George Osborne loses patience with RBS
764,Cuadrilla,-0.114,Cuadrilla and protesters await Lancashire fracking decision
765,SABMiller,-0.428,Currency causes full-year headaches for SABMiller
766,EasyJet,0.456,Beach holiday demand helps lift clouds for easyJet
767,ARM Holdings plc,0.273,ARM Holdings plc Partners With International Business Machines Corp. To Drive ...
768,Deutsche Boerse,-0.281,NYSE owner ICE may gatecrash Deutsche Boerse-LSE merger
769,Standard Chartered,-0.499,"StanChart announces $5.1 billion capital-raising plan, posts Q3 loss"
770,BT Group,0.5640000000000001,BT Group's third quarter revenues rise as restructure unveiled
771,SSE,0.253,SSE share price: Peterhead station to supply voltage support to National Grid
772,Standard Chartered PLC,0.025,Insurer Old Mutual picks Standard Bank's Hemphill as new CEO
773,Berkshire Hathaway Inc.,0.314,Berkshire seeks to boost its Wells Fargo stake above 10 percent
774,AstraZeneca,-0.6559999999999999,AstraZeneca's patent on asthma drug invalidated by US court
775,Lloyds Banking Group PLC,-0.46799999999999997,Lloyds Bank Is Said to Face Potential Fine Over Handling of Insurance Complaints
776,Royal Bank of Scotland Group plc,0.114,Goodwin not to face Scottish prosecution over RBS
777,Barclays,-0.434,TOP NEWS: Barclays Profit Depressed By Foreign Exchange Provisions
778,Royal Bank of Scotland Group plc,0.066,RBS Pays $1.7 Billion to Scrap U.K. Treasury's Dividend Rights
779,Glencore,0.124,"Glencore 2014 profit in line, takes $1.1 billion charge on commodity prices"
780,Morrisons,-0.158,Morrisons share price: Group trading director departs as management cull ...
781,Lloyds Banking Group PLC,-0.154,Lloyds returns Â£13bn to UK taxpayer
782,Weir Group,-0.59,Weir leads FTSE lower after oil price profits warning
783,Lloyds Banking Group PLC,0.253,Retail focus helps to shield Lloyds from banking chill
784,Royal Bank of Scotland Group plc,0.149,UPDATE 1-RBS raising $3.1 billion through issue of CoCo bonds
785,Sports Direct,0.45899999999999996,Retailers Kingfisher and Sports Direct rise in Britain's share index
786,Rio Tinto,0.262,UPDATE 1-Rio Tinto to sell aluminium assets in $1 bln deal -paper
787,EasyJet,0.21,EasyJet attracts more passengers in June but still lags Ryanair
788,FastJet,0.155,"FastJet slams EasyJet founder Stelios for going public, is ""taking legal advice"" over letter about contractual ..."
789,Barclays,-0.8109999999999999,Barclays fined for anti-money-laundering failings
790,Shire,0.402,CORRECTED-Shire to buy Dyax for about $5.9 bln
791,Statoil,-0.242,"BP, Statoil, to Withdraw Staff From Algeria Following Rocket Attack"
792,ITV,-0.42700000000000005,ITV shares dip after update
793,Statoil,0.239,"Centrica extends gas deals with Gazprom, Statoil"
794,Glencore,0.434,Glencore shares enjoy bounce-back after Hong Kong-led surge
795,BP,-0.261,Ruling sets lower limit on potential fine for BP
796,Sports Direct,-0.596,Sports Direct Shares Tumble as Founder Ashley Sells Shares
797,ExxonMobil,-0.196,Shell challenges Exxon dominance with 47 billion-pound bid for BG
798,United Spirits,-0.272,Diageo receives reports from United Spirits on financial irregularities involving ...
799,Experian,-0.39,Credit checker Experian reports fall in full-year profit
800,Old Mutual,0.022000000000000002,Insurer Old Mutual picks Standard Bank's Hemphill as new CEO
801,Barclays,-0.7240000000000001,Barclays reports 8% fall in annual profits
802,Teva,0.476,Teva: FDA Approves Generic Version of AstraZeneca Heartburn Drug
803,Rival National Grid plc,0.408,Balfour Beatty plc Set To Reinstate Dividend (And Rival National Grid plc And Centrica PLC Once More?)
804,Chipotle,-0.789,Chipotle Sales Plunge as Troubled Chain Gets Federal Subpoena
805,Shell,0.193,Shell offers 50 percent premium to buy BG for $70 billion
806,Morrisons,0.13699999999999998,Morrisons share price: Founder's son to assist CEO with turnaround
807,GSK,0.418,UPDATE 1-EU regulator backs approval for GSK injectable asthma drug
808,Sainsbury's,0.23399999999999999,Sainsbury sells unit to LloydsPharmacy
809,Barclays,-0.32899999999999996,Former Barclays traders stand trial in Libor case
810,Tesco PLC,0.7190000000000001,Tesco share price jumps as Q3 sales top estimates
811,SABMiller,0.308,"South Africa approves SABMiller, Coke bottling deal with conditions"
812,Shire,0.34500000000000003,CompaniesActelion shares hit record on Shire takeover talk
813,Aggreko,-0.381,UPDATE: Aggreko Interim Profit Drops As It Undertakes Restructuring
814,HSBC,-0.536,"HSBC, Standard Chartered Lead Asia Bank Rout as U.K. Votes 'Out'"
815,Standard Chartered PLC,-0.812,Standard Chartered's Shares Plunge 7% After Fitch Downgrade
816,Standard Chartered PLC,-0.43799999999999994,Standard Chartered Misses Estimates in Sands's Last Results
817,HSBC,-0.07400000000000001,"HSBC shakes up board with two new business chiefs, three departures"
818,Sky,-0.45799999999999996,Britain's FTSE slips from 2016 high as Sky falls
819,BHP Billiton,0.31,BHP Billiton to lower copper production costs
820,Glencore,0.27399999999999997,Glencore Sells Shares to Raise $2.5 Billion and Reduce Debt
821,Smith & Nephew,-0.6659999999999999,CompaniesSmith & Nephew flops 6.8% to foot of FTSE 100
822,Philip Morris,-0.152,"Philip Morris, BAT Sue Over Law Taking Branding Off Packs"
823,Asahi,0.207,Asahi could be about to snap up more of SABMiller's beers ahead of AB InBev sale
824,Berkshire Hathaway Inc.,-0.5660000000000001,Buffett's Company Reports 37 Percent Drop in 2Q Earnings
825,BP,-0.588,BP Judge Urged to Impose $11.7 Billion-Plus Spill Fine
826,RBI,0.89,RBI surprises Street; Sensex pares gains after hitting mount 30k
827,Royal Mail,-0.046,"Royal Mail needs to deliver on modernisation plans, post haste"
828,Barclays,0.1,Barclays CEO poaches risk head from JP Morgan
829,Morrisons,-0.251,"Sainsbury's, Asda, Tesco and Morrisons will all cut petrol prices as oil falls ..."
830,Clydesdale Bank,-0.34299999999999997,Clydesdale Bank H1 profits weighed down by PPI charge
831,Sanofi,0.258,UPDATE 1-AstraZeneca sells rare cancer drug to Sanofi for up to $300 mln
832,Deutsche Bank,0.0,CompaniesDeutsche taps ex-StanChart executive for audit role
833,Cuadrilla,-0.05,Cuadrilla chief Francis Egan: Scaremongering fracking opponents make me angry
834,Shell,-0.266,Investors Remain Skeptical About Shell-BG Deal
835,Morrisons,0.33299999999999996,Amazon to attack UK grocery market with Morrisons deal
836,Barclays,0.34400000000000003,Glencore tells investors it is on track to reduce debt: Barclays
837,Barclays,-0.8290000000000001,UPDATE 3-Barclays fined for lax crime checks in 'deal of century'
838,M&G Investments,-0.7040000000000001,Prudential hit by withdrawals from M&G investment arm
839,Old Mutual,-0.379,Old Mutual faces backlash over Â£9m chief exec payout plan
840,Barclays,0.147,Barclays backs new iPhone and Android app that lets users send each other money using a bitcoin network
841,Ennismore Group,0.198,Diageo Sells Ryder Cup Venue Gleneagles Hotel to Ennismore Group
842,Lloyds Banking Group PLC,-0.532,Lloyds to cut 945 jobs as part of three-year restructuring strategy
843,Tesco,0.0,CommentOpening Quote: Tesco; Premier Foods jilted; FCA on IPOs
844,GlaxoSmithKline,0.14,Investor Woodford calls for outsider to head GlaxoSmithKline
845,Randgold Resources,-0.39,Randgold Resources third quarter profit slips despite record production
846,Ashtead,-0.7190000000000001,News FeedFTSE 100 movers: LSE surges as ICE says mulling offer; Ashtead and Barclays tank
847,HSBC,-0.14,"Goldman Sachs, Barclays, HSBC downplay Brexit threat"
848,Royal Mail,-0.278,UPDATE 1-UK to start selling remaining Royal Mail shares
849,Thetrainline.com,0.245,Companies Thetrainline.com announces arrival of London IPO
850,Hargreaves,-0.6000000000000001,Hargreaves weathers torrid ISA season and Brexit fears
851,BP,-0.077,PRESS: UK Government Would Oppose Any BP Takeover - FT
852,Land Securities,0.5489999999999999,"Britain's FTSE gains, Land Securities up after dividend hike"
853,AstraZeneca,0.25,AstraZeneca's MedImmune Inks Licensing Deal With Omnis Pharmaceuticals
854,Royal Dutch Shell,0.0,What It Takes for Royal Dutch Shell to Break Even
855,Petrofac,0.581,Industry NewsPetrofac secures $250m North Sea contract
856,Lloyds,0.28700000000000003,"Lloyds Will Cut 640 Jobs, Close 23 Branches as Part of 2014 Plan"
857,Royal Mail,-0.057,Royal Mail turnaround proving expensive in tough UK market
858,IHG,0.28500000000000003,IHG agrees $938 sale of InterContinental Hong Kong
859,Barclays,0.231,Barclays Said to Shrink Bonus Pool to Less Than 2 Billion Pounds
860,Shire,0.302,Shire Offers to Buy Baxalta for $30 Billion
861,Tower Development,0.366,Crown Castle buys Tower Development Corp for $461 million
862,Standard Chartered PLC,0.556,LONDON MORNING BRIEFING: HSBC And Standard Chartered Shares Rise
863,Shell,0.191,Norway's sovereign wealth fund says backed Shell CEO's pay
864,Standard Life,-0.31,MarketsProperty stocks under pressure after Standard Life fund move
865,AB InBev,-0.34,UPDATE 5-SABMiller rejects AB InBev's $104 bln takeover approach
866,BP,-0.8959999999999999,BP's fine for 2010 oil spill capped at $13.7 billion
867,Petrofac,-0.72,Oilfield services firm Petrofac's debt shoots up 50 per cent
868,Eli Lilly & Co,0.516,Eli Lilly & Co. (LLY) Has Broken Out To A New High On AstraZeneca Collaboration
869,BG Group,0.642,FTSE 100 movers: BG Group leads the charge as resource stocks jump
870,Banco BPI,0.27699999999999997,Spain's CaixaBank Expects To Close Deal For Banco BPI
871,Royal Mail,-0.111,Royal Mail share price: Postal service issues trading update
872,Barclays,-0.49200000000000005,Barclays Said to Cut 150 at Investment Bank as McCormick Departs
873,Glencore,0.278,Glencore fight back over debt fears lifts shares
874,InBev,0.04,SAB's Chairman Digs In With Board Divided on InBev Offer
875,National Grid,-0.251,Britain facing winter of blackouts as National Grid warns of tightest power ...
876,SABMiller,0.237,AB InBev approaches SABMiller to explore $250bn tie-up
877,Barclays,0.198,Barclays launches first 100% mortgages since crisis
878,EasyJet,0.096,Germanwings disaster will not affect image of budget air travel - easyJet
879,Barclays,-0.6609999999999999,"Nine banks including Barclays, Citi, agree to pay $2 billion to settle forex ..."
880,Bank of America,0.17800000000000002,"After Barclays and Bank of America, Citigroup has blockchain in sight"
881,Morrisons,0.753,Early victory for new CEO as Morrisons beats forecasts
882,Barclays,-0.456,Barclays said to be cutting 150 investment bank jobs
883,Shell,0.078,Shell challenges Exxon dominance with 47 billion-pound bid for BG
884,British American Tobacco plc,0.099,"Should You Buy Jumbo Yielders British American Tobacco plc, Centrica PLC & John Wood Group PLC?"
885,London Stock Exchange Group,0.327,London Stock Exchange seals Â£22 billion merger with Germany's Deutsche BÃ¶rse
886,Uinilever,0.413,Unilever Finds Growth More Elusive as Sales Meet Estimates
887,Primark,0.7040000000000001,Primark racks up a happy Christmas after strong sales
888,Barclays,-0.599,New York says Barclays not cooperating in 'dark pool' probe
889,Shire,0.332,"FDA approves NPS drug, in move validating Shire takeover deal"
890,Royal Mail,-0.26899999999999996,Royal Mail share price edges lower as group raises stamp price
891,Sainsbury's,0.7190000000000001,Sainsbury's and Glencore give FTSE a three-digit lift - London Report
892,Tesco PLC,-0.389,Tesco share price dips as Blinkbox Books closes ending supermarket's digital ...
893,Standard Chartered PLC,0.218,Tata Steel working with StanChart for UK unit sale - source
894,Diageo,-0.384,Diageo offloads major wine interests
895,Glencore,0.264,Glencore Agrees to Sell Minority Stake in Agriculture Business
896,Diageo,0.32299999999999995,Diageo sells wine businesses for 320m pounds
897,IAG,0.12,Breakingviews: IAG can pay more for Aer Lingus
898,BP,-0.085,UPDATE 1-UK government would oppose any takeover of BP -FT
899,Aggreko,-0.439,Australian mining slowdown hits Aggreko
900,Royal Dutch Shell,0.0,The sustainability of Royal Dutch Shell's dividend
901,Coutts,0.0,CompaniesCoutts raids JPMorgan Chase for new CEO
902,EasyJet,-0.324,Easyjet traffic hit by air traffic controller strikes and terrorism
903,Dixons Carphone,-0.6890000000000001,Dixons Carphone says cyber attack may have exposed customers' data
904,AB InBev,0.256,Stars aligned' for AB InBev's megabrew merger plan
905,AstraZeneca,-0.51,AstraZeneca's Good Deal Turns Bad
906,Blinkbox,-0.35700000000000004,Tesco share price dips as Blinkbox Books closes ending supermarket's digital ...
907,Tesco,0.456,"Aldi and Lidl expansion plans speed ahead as Tesco, Sainsbury's, Morrisons ..."
908,Primark,0.326,Primark plots expansion in US and Europe
909,BP,-0.927,BP shares tumble after $2.2bn fourth-quarter loss
910,Aviva plc,-0.268,Is Trouble Brewing At Legal & General Group Plc And Aviva plc?
911,Berkshire Hathaway Inc.,-0.7240000000000001,Berkshire Hathaway's 4Q profit declines 17 percent
912,Barclays,-0.805,Ex-Barclays traders sentenced to up to six years' jail in Libor case
913,BP,-0.462,BP slashes capital spending by 20%
914,Shell,-0.75,Shell's profits hit by further slide in oil prices
915,The Coca-Cola Company,0.259,The Coca-Cola Company and Coca-Cola FEMSA to Acquire AdeS Soy-Based Beverage Business From Unilever
916,AB InBev,0.292,Stars aligned' for AB InBev's megabrew merger plan
917,Tesco PLC,0.365,Tesco sells half of stake in ecommerce site Lazada to Alibaba for Â£90m
918,Lloyds Banking Group PLC,-0.29,Lloyds is cutting more than 600 jobs and shutting 21 branches
919,BP,-0.306,Can BP Restore Its Lost Luster?
920,BHP Billiton,0.512,"Britain's FTSE steadies below record high, BHP gains"
921,HSBC,-0.214,"Insight - Britain's bank tax jump threatens to push HSBC, StanChart to new home"
922,Burberry Group plc,0.0,"Can Standard Chartered PLC, BP plc & Burberry Group plc Keep Charging?"
923,Sainsbury,0.213,Tesco Versus Sainsbury: Weight-Watcher vs. Bodybuilder
924,AstraZeneca,-0.24,Stakes High for AstraZeneca Heart Drug Facing Tough Competition
925,Integrated Silicon Solution,0.461,UPDATE 1-Cypress Semiconductor offers to buy Integrated Silicon Solution
926,Aer Lingus,0.332,Breakingviews: IAG can pay more for Aer Lingus
927,InterContinental Hotels Group,0.0,InterContinental Hotels denies exploring sale or merger
928,InBev,0.307,Peroni and Grolsch put up for sale as AB InBev plans acquisition of SABMiller
929,Hargreaves Lansdown,-0.392,Hargreaves Lansdown says first-quarter assets hit by stock market flux
930,Friends Life,0.2,Aviva Expects 1500 Jobs Cuts from Friends Life Deal
931,Prudential,-0.07100000000000001,CompaniesThiam received Â£5m pay packet for final months at Prudential
932,BHP Billiton,-0.33799999999999997,"UPDATE 1-BHP Billiton's credit ratings fragile in FY16, agencies warn"
933,Royal Dutch Shell,0.32299999999999995,Royal Dutch Shell Posts Rise in Earnings Despite Lower Oil Prices
934,Shell,0.335,Shell to Go Ahead With Petrochemical Plant in Pennsylvania
935,AB InBev,0.206,AB InBev approaches SABMiller to explore $250bn tie-up
936,Britvic,-0.047,Sugar tax spurs Pepsi owner Britvic to change drinks recipes by 2020
937,JP Morgan Chase,-0.092,Barclays poaches new chief operating officer Paul Compton from JP Morgan Chase
938,Philips,0.375,CompaniesPhilips transfers $900m of pension obligations
939,Barclays,-0.5740000000000001,Barclays in $13.75 million US settlement over mutual funds
940,Standard Life,0.371,Standard Life stands tall amid pension reform
941,Inovio,0.33,AstraZeneca to Pay Inovio Up to $700 Million for Cancer Drug
942,NPS,0.29600000000000004,Shire to buy NPS for $5.2 billion to boost rare disease drugs
943,Shell,0.5579999999999999,Shell profit rises as company resist oil slump
944,3i,0.474,FTSE ends higher; 3i Group leads after strong earnings
945,EasyJet,-0.414,"FTSE falls to 3-month low on Greek debt concerns, easyJet skids"
946,Severn Trent,-0.353,Companies Severn Trent expects costs hit from inflation
947,Glencore,-0.331,Glencore blames rivals for creating metals glut
948,EasyJet,0.28300000000000003,U.K. Shares Extend Rebound for Second Day as EasyJet Surges
949,Financial Times,0.012,PRESS: Pearson Set To Announce Sale Of Financial Times - Reuters
950,Tesco PLC,0.8140000000000001,Tesco shares jump 6% after Christmas sales beat expectations
951,Aggreko,0.177,"CompaniesNew Aggreko CEO to reshape business, strip costs"
952,Verizon,-0.446,Verizon and AT&T accused of hurting rivals
953,Royal Bank of Scotland Group plc,-0.298,Exclusive - Britain targets sale of half its RBS stake in two years: sources
954,Schroders,0.048,U.S. Debt Lures Schroders as ECB Depresses Rates
955,Motiva,0.31,"Saudi Aramco, Shell plan to break up Motiva, divide up assets"
956,Starwood,-0.078,InterContinental Hotels Denies Reports of Starwood Merger Talks
957,Standard Chartered PLC,-0.51,Standard Chartered faces fresh claims of Iran sanctions violations
958,Baxalta,0.149,Shire in talks with Baxalta shareholders
959,SSE,0.055999999999999994,"SSE to Shut Coal-Fired Plant Amid Shift to Gas, Renewable Energy"
960,EasyJet,-0.272,Sharm el Sheikh: EasyJet axes all flights to Egypt's leading holiday resort
961,Statoil,-0.11599999999999999,"UPDATE 1-Norway's Statoil shakes up top management, replaces CFO"
962,Tesco PLC,0.42,Relief for Lewis as Tesco sees sales grow for first time in a year
963,Clydesdale Bank,0.299,Clydesdale and Yorkshire moves closer to independence
964,Dialog,-0.584,"European stocks hover near 3-week low, Dialog and BHP slump"
965,Tesco PLC,-0.226,Dave Lewis admits long road ahead for Tesco recovery
966,Tesco PLC,0.45299999999999996,Tesco leads FTSE higher on Clubcard bid reports
967,ARM Holdings plc,0.209,Why I'd Buy ARM Holdings plc And BHP Billiton plc Today
968,Admiral Group plc,-0.594,Admiral Group posts decline in 2014 earnings
969,Mondi,0.552,"Britain's FTSE bounces back, Mondi and Barratt lead"
970,Mediobanca,0.32799999999999996,UPDATE 3-Barclays sells Italian branches to Mediobanca at a loss
971,Morrisons,-0.114,Morrisons finance chief to fill gap as CEO leaves early
972,Sophos,0.214,Sophos aims to raise $100m in London IPO
973,ARM Holdings plc,0.601,UK chip designer ARM hits a high after iPhone 6 boost
974,Wolseley,0.0,Wolseley share price: Group updates on quarterly performance
975,Rio Tinto,0.322,Rio Tinto announces long-delayed expansion of Mongolia mine
976,Shire,0.465,Shire rises as dry eye treatment sails through trial
977,GlaxoSmithKline,-0.221,Doubts grow over GlaxoSmithKline's $6 bln capital return plan
978,Aviva plc,0.377,Aviva weighs cash handout after beating profit forecast
979,Arriva,-0.5529999999999999,Shropshire and Mid Wales trains to be hit again in new strike by Arriva drivers
980,Greene King,0.363,Greene King's third quarter sales boosted by festive season
981,WPP,0.35700000000000004,Big account wins keep ad group WPP at front of pack
982,Worldpay,0.162,Worldpay readies for Â£6bn London float
983,BPM,0.11599999999999999,"CEOs of BPM, UBI meet Italy econ minister as M&A talk heats up"
984,Centrica PLC,0.1,"Should You Buy Jumbo Yielders British American Tobacco plc, Centrica PLC & John Wood Group PLC?"
985,Dyson,0.299,Dyson Wants to Create a Hair Dryer Revolution
986,BG Group,0.37,Royal Dutch Shell to Buy BG Group for Nearly $70 Billion
987,CNPC,0.318,"EXCLUSIVE-BP, China's CNPC to unveil oil alliance - sources"
988,Dyax,0.62,CORRECTED-Shire to buy Dyax for about $5.9 bln
989,BP,-0.667,BP set to cut hundreds of jobs at North Sea operations
990,BP,-0.149,BP's head of exploration Richard Herbert departs
991,Nomura,-0.7390000000000001,"UPDATE 1-Nomura, RBS must pay $806 mln in mortgage bond case-US judge"
992,Legal & General Group Plc,0.252,BRIEF-Legal & General's retirement business books 4 billion stg H1 sales
993,Royal Mail,-0.052000000000000005,CompaniesRoyal Mail swerves new pricing regulations
994,JC Penney,0.075,JC Penney Cuts Pension Plan Obligation
995,Domino's Pizza Group plc,-0.275,Domino's Pizza worker sacked after crude slur aimed at customer on order screen
996,MillerCoors,-0.119,"UPDATE 2-AB InBev launches SAB bid, to sell MillerCoors stake"
997,Morrisons,0.36200000000000004,Sales boost for new Morrisons chief David Potts as Tesco turnaround stalls
998,Deutsche Boerse,-0.271,France raises concerns over proposed LSE-Deutsche Boerse deal
999,Genel,-0.7340000000000001,Genel Shares Plunge After Tony Hayward's Oil Explorer Cuts Crude Reserves at Core Field
1000,Deutsche Boerse,0.08600000000000001,LSE-Deutsche Boerse merger would signal end to exchange mega-deals
1001,Sports Direct,-0.317,Sports Direct boss Mike Ashley summoned to Westminster for questioning over the treatment of workers
1002,Diageo,-0.255,Diageo receives reports from United Spirits on financial irregularities involving ...
1003,BP,0.588,Industry NewsWood Group wins multi-million dollar contract with BP
1004,Centrica PLC,0.16399999999999998,"Centrica extends gas deals with Gazprom, Statoil"
1005,MediaCityUK,0.379,Legal & General arm buys 50 pct stake in MediaCityUK in Manchester
1006,Home Retail Group,0.385,Sainsbury's pressed to raise bid for Home Retail Group
1007,ExxonMobil,-0.5479999999999999,"Buffett's Berkshire builds Deere stake, dumps Exxon"
1008,Aldi,0.36700000000000005,"Aldi and Lidl expansion plans speed ahead as Tesco, Sainsbury's, Morrisons ..."
1009,Glencore,-0.605,Analysis - Copper market may get a 2003-style supply shock from Glencore closures
1010,Tesco PLC,-0.36700000000000005,Tesco share price: Korean currency slide may hit Homeplus sale plans
1011,AstraZeneca,-0.39299999999999996,AstraZeneca cancer drug may not be so fast getting to market
1012,Tullow Oil,-0.498,Tullow Oil Suspends Dividend Amid Oil Price Fall
1013,Barclays,-0.637,UPDATE 3-Barclays sells Italian branches to Mediobanca at a loss
1014,Lemann,0.415,Diageo Shares Surge on Report of Possible Takeover by Lemann
1015,Aviva plc,0.18899999999999997,"Aviva, Friends Life top forecasts ahead of 5.6 billion pound merger"
1016,Friends Life,0.387,Friends Life lifts profits 38% and hikes divi ahead of proposed Aviva takeover
1017,Centrica PLC,-0.411,Centrica suffers protest from shareholders over pay
1018,Google,0.32899999999999996,Google Fiber to buy Webpass for big city Internet service
1019,Prudential,0.18100000000000002,Is It Worth Investing In Tesco PLC And Prudential plc Now?
1020,Home Retail Group,0.49200000000000005,2 Turnaround Buys For 2016? BHP Billiton plc And Home Retail Group Plc
1021,Halfords,0.0,Halfords appoints Jonny Mason as new CFO
1022,Precision Castparts Corp.,0.21,UPDATE 5-Buffett pays high price for Precision Castparts
1023,Experian,-0.6980000000000001,Experian says receives class actions related to T-Mobile breach
1024,Aviva plc,0.601,Market Report: Aviva tops the market as traders approve of its choice of Friends
1025,Aer Lingus,0.596,IAG closes in on Aer Lingus with increased offer
1026,Fokker Technologies,0.295,GKN to buy Fokker Technologies for 706 mln euros
1027,Baxalta,0.275,UPDATE 1-Shire steps up drive to get Baxalta talking after $30 bln bid
1028,Pearson,0.43,Pearson in Talks to Sell Its Stake in the Economist Group
1029,Tesco,0.30000000000000004,CompaniesTesco sheds Harris & Hoole coffee shops
1030,BP,0.268,REFILE-BP agrees UK gas pipeline stake sale to infrastructur
1031,BHP Billiton,-0.341,"BHP Billiton slashes dividend, posts $5.67 billion net loss"
1032,Standard Chartered PLC,0.044000000000000004,"StanChart capital raising would be ""major surprise"" -investor Aberdeen"
1033,Wm Morrison,-0.579,Why I Would Put J Sainsbury plc In My Trolley Before Wm Morrison Supermarkets ...
1034,Glaxo,0.534,Glaxo Sees Hope for Respiratory Drugs as Earnings Beat Estimates
1035,SABMiller,0.551,Peroni and Grolsch put up for sale as AB InBev plans acquisition of SABMiller
1036,Aviva plc,0.439,BRIEF-Aviva aims to increase dividend pay-out ratio to 50 pct in 2017
1037,Direct Line Insurance Group PLC,0.48200000000000004,Direct Line rings up higher profit
1038,Barclays,0.183,Jim Armitage: Barclays boss Jes Staley steps up to the plate with post-Leave positivity
1039,AstraZeneca,0.325,AstraZeneca sells rights to anaesthetics to South Africa's Aspen
1040,GE,0.21100000000000002,GE to Sell Majority Stake in Bank BPH's Core Bank to Alior Bank
1041,Royal Bank of Scotland Group plc,-0.738,StanChart and RBS struggle in Bank of England stress tests
1042,Antofagasta,0.29100000000000004,Antofagasta Sees Lower Cash Costs In 2015 - Quick Facts
1043,NPS,0.0,NPS prospects dependent on drug approval
1044,Priceline,0.847,Priceline's stock jumps to new high for the year after Barclays upgrade
1045,Tesco PLC,0.389,Tesco leads leap in FTSE 100; Marks & Spencer drops
1046,Tesco PLC,-0.223,Tesco UK personnel director quits supermarket
1047,Royal Bank of Scotland Group plc,0.0,Royal Bank of Scotland fortunes ebbed and flowed under 3 chiefs
1048,ExxonMobil,-0.368,Exxon Beaumont CDU overhaul to be slowed by accident: sources
1049,TalkTalk,-0.113,TalkTalk hires BAE Systems to investigate cyber attack
1050,Valeant Pharmaceuticals International,0.015,Valeant Said to Name New CEO With Pearson Still Hospitalized
1051,Entertainment One,0.28200000000000003,ITV to pursue takeover of Canada's Entertainment One: Bloomberg
1052,JP Morgan Chase,-0.013999999999999999,Barclays appoints JPMorgan's Paul Compton as new COO
1053,Rio Tinto,0.445,Rio Approves $5.3 Billion Oyu Tolgoi Copper Mine Expansion
1054,Weir Group,-0.382,Weir Group sees continued fall in orders from oil and gas business
1055,BG Group,0.043,New BG Group CEO Helge Lund Starts Earlier Than Expected
1056,BHP,-0.15,"BHP, Residents Brace as Cyclone Stan Nears Australian Coast"
1057,Glaxo,0.28400000000000003,Glaxo's ViiV Healthcare Signs China Manufacturing Deal With Desano
1058,Barclays,-0.475,"Barclays brands financier Amanda Staveley's $1bn claim as ""misconceived"""
1059,GlaxoSmithKline,0.209,"GlaxoSmithKline rebound gathering pace, says outgoing CEO"
1060,SABMiller,-0.079,AB InBev to sell more SAB assets as seeks EU deal approval
1061,Lloyds Banking Group PLC,-0.18,UK government cuts stake in Lloyds to below 11 percent
1062,Morrissons,-0.2,Morrisons store closures: 900 jobs to go as 11 branches are closed due to ...
1063,BP,0.042,BP chairman defends CEO Bob Dudley's pay increase
1064,Standard Chartered PLC,-0.649,Profits Fall 25% At Standard Chartered PLC: Should You Buy Or Sell?
1065,SABMiller,0.016,SAB's Chairman Digs In With Board Divided on InBev Offer
1066,Aviva plc,-0.675,Aviva Fined $27 Million by U.K. Regulator Over Fee Failings
1067,Whitbread,0.385,"Whitbread Profit Up As Sales Continue To Rise, Looking For New CEO"
1068,Persimmon,0.36200000000000004,Persimmon shares nudge higher as housebuilder sees strong 2014
1069,BG Group,0.146,UPDATE 1-BG Group's record output limits oil price fallout
1070,Standard Life,0.336,Standard Life share price: Group gets approval to hike stake in India JV
1071,Tesco,0.111,Tesco Mobile is offering you cash back in exchange for looking at ads
1072,Wolseley,0.429,"Wolseley profit up 18%, warns on revenue growth"
1073,Entertainment One,0.462,ITV share price: Group mulls takeover of Canada's Entertainment One
1074,Blueprint,0.256,Blueprint Receives FDA Nod To Proceed With Clinical Trials For 2 Drug ...
1075,SABMiller,0.29600000000000004,SABMiller buys Meantime to quench thirst for craft beer
1076,Royal Bank of Scotland Group plc,0.102,"Irish Said Chasing Standard Chartered, RBS as Brexit Vote Nears"
1077,Barclays,0.198,"After Barclays and Bank of America, Citigroup has blockchain in sight"
1078,HSBC,-0.251,US says HSBC must do more to improve compliance
1079,China Merchants Group,0.119,Carnival Corporation and China Merchants Group Sign Memo of Understanding ...
1080,Barclays,-0.21899999999999997,Staley to face challenges at Barclays
1081,GSK,0.42200000000000004,GSK aims to file up to 20 new drugs for approval by 2020
1082,British American Tobacco plc,-0.794,British American Tobacco accused of bribing senior politicians to sabotage ...
1083,BT Group,-0.17,BT finance director Tony Chanmugam to step down
1084,AstraZeneca,0.192,AstraZeneca to cut costs but stays silent on M&A talk
1085,Berkshire Hathaway Inc.,0.031,"Buffett's Berkshire builds Deere stake, dumps Exxon"
1086,Barclays,-0.2,Barclays Not Convinced by Gains in South African Stocks: Chart
1087,BP,-0.46799999999999997,5 Years After BP Spill: What's Changed in Offshore Drilling
1088,AstraZeneca,0.37200000000000005,AstraZeneca Explores Potential Deal With Acerta for Cancer Drug
1089,Alibaba,0.30000000000000004,Tesco sells half of stake in ecommerce site Lazada to Alibaba for Â£90m
1090,Lloyds Banking Group PLC,-0.263,"UK sells more of Lloyds bank stake, 12.5 billion pounds raised so far"
1091,Hargreaves Lansdown,-0.514,Hargreaves Lansdown share price falls as costs mount - although pensions ...
1092,Meggitt,0.21600000000000003,Meggitt agrees to buy US aerospace component firm for $340 million
1093,CRH,0.33299999999999996,TRLPC - CRH backs Lafarge Holcim asset buy with 6.5 bln euro bridge loan
1094,Bloomberg,0.275,Bloomberg buys Barclays' benchmarking business
1095,Deutsche Bank,-0.23199999999999998,"Barclays, Deutsche Bank Fight to Lift Profit Just Got Harder"
1096,Royal Bank of Scotland Group plc,-0.358,Royal Bank of Scotland chair hints Brexit turmoil will delay government sale
1097,Sainsbury's,-0.259,"Sainsbury's, Asda, Tesco and Morrisons will all cut petrol prices as oil falls ..."
1098,Berkshire Hathaway Inc.,0.391,UPDATE 1-Berkshire applies to boost Wells Fargo stake above 10 pct
1099,Baxalta,0.27399999999999997,Shire Sees Baxalta Deal Closing as Expected After New Rules
1100,AstraZeneca,0.5720000000000001,AstraZeneca heart drug boosted by major clinical trial success
1101,Baxalta,-0.198,Shire share price under pressure after $32bn Baxalta deal
1102,Aviva plc,0.502,UK WINNERS & LOSERS: Aviva And Friends Life Lead FTSE 100 Gainers
1103,Glencore,0.792,CompaniesGlencore's annual results beat forecasts
1104,Berkshire Hathaway Inc.,0.667,Warren Buffett's Berkshire Hathaway quarterly profit jumps almost one third
1105,Pfizer,-0.456,Pfizer to cut 120 jobs with closure of Cambridge R&D centre
1106,Sainsbury's,0.536,Sainsbury's says to outperform rivals in tough market
1107,Centrica PLC,-0.337,Centrica share price: British Gas under fire despite 5% price cut
1108,Sensex,-0.21600000000000003,RBI surprises Street; Sensex pares gains after hitting mount 30k
1109,Barclays,-0.657,"London open: Taylor Wimpey and Ashtead drive markets higher, Barclays falls"
1110,EasyJet,-0.495,easyJet leads Britain's FTSE lower as global bond rout resumes
1111,SABMiller,-0.045,AB InBev to Sell SABMiller Stake in China's Snow Beer
1112,London Stock Exchange Group,0.358,Merkel's Government Said to Support Deutsche Boerse-LSE Merger
1113,Tesco PLC,0.354,Tesco share price closes higher as two more directors leave grocer
1114,Lazada,-0.038,Tesco sells half of stake in ecommerce site Lazada to Alibaba for Â£90m
1115,Barclays,-0.22899999999999998,UPDATE 5-Barclays Chairman McFarlane axes CEO to speed up strategic change
1116,Berkshire Hathaway Inc.,0.057,"Berkshire Bought Apple Stake at $99.49 a Share, Filing Shows"
1117,Sainsbury's,0.0,Sainsbury CFO Rogers to Replace Home Retail CEO Walden
1118,Lloyds Banking Group PLC,-0.266,UPDATE 1-Lloyds to cut 945 jobs as part of 3-year restructuring plan
1119,Glencore,0.541,Copper Prices up on Glencore Cuts to Zinc Supply
1120,WPP,0.109,WPP's Sir Martin Sorrell is highest-paid FTSE 100 chief executive
1121,Meggitt,-0.775,Meggitt plc Crashes 20% On Profit Warning: Is It Now A Buy?
1122,Lloyds Banking Group PLC,-0.596,UK government cuts stake in Lloyds to below 11 pct
1123,EasyJet,0.32899999999999996,Passengers rise at EasyJet and Aer Lingus
1124,British Airways,-0.6000000000000001,"Sharm el-Sheikh travel disruption: British Airways, EasyJet, Thomson and ..."
1125,Berkshire Hathaway Inc.,0.412,"US STOCKS-Wall St rises on Berkshire deal, China stimulus hopes"
1126,Prudential Financial,0.95,Prudential Financial quarterly profit rises 64 pct
1127,Huawei,-0.38799999999999996,US Seeks Huawei Records on Dealings With Sanctioned Nations
1128,Centrica PLC,-0.172,Centrica urges policy overhaul as it warns of 'looming gap' in UK energy supplies
1129,AstraZeneca,-0.28400000000000003,UPDATE 1-AstraZeneca potassium drug delayed by manufacturing snag
1130,London Stock Exchange Group,0.34900000000000003,Activist Fund TCI Backs German Takeover of London Stock Exchange
1131,Royal Dutch Shell,-0.402,"Oil majors like Royal Dutch Shell, Chevron, BP fail to find reserves to counter ..."
1132,Barclays,-0.539,Four ex-Barclays bankers sentenced for roles in Libor rate-rigging scandal
1133,AB InBev,0.193,AB InBev to sell more SAB assets as seeks EU deal approval
1134,Berkshire Hathaway Inc.,0.225,Berkshire applies to boost Wells Fargo stake above 10 percent
1135,Marks & Spencer,-0.34700000000000003,Tesco leads leap in FTSE 100; Marks & Spencer drops
1136,Balfour Beatty plc,0.413,Balfour Beatty plc Set To Reinstate Dividend (And Rival National Grid plc And Centrica PLC Once More?)
1137,CIB,0.14800000000000002,"UPDATE: CIB, Legal & General Sell Egyptian Life Joint Venture To AXA"
1138,BG Group,0.069,BG Group appoints new CEO one month early
1139,Glaxo,0.305,"FDA panel backs Glaxo asthma drug for adults, not adolescents"
1140,Barclays,0.0,Barclays set to name former JPMorgan banker Staley as new CEO
1141,Kingfisher,-0.7859999999999999,Kingfisher share price slides on cost to implement new strategy
1142,Travis Perkins,0.494,"CompaniesTravis Perkins lifts dividend, earnings rise 15%"
1143,Standard Chartered PLC,-0.461,Standard Chartered Shifts Emerging-Markets Strategy After Losses
